{"type":"FeatureCollection","features":[{"type":"Feature","geometry":{"type":"Polygon","coordinates":[[[13.3772616,52.5200099],[13.3773008,52.5200088],[13.3774574,52.5200065],[13.3779411,52.5200051],[13.3790401,52.5200088],[13.3790401,52.5203069],[13.3774574,52.520301],[13.3769299,52.5203045],[13.3769109,52.5203044],[13.3769635,52.5202477],[13.3770379,52.5201742],[13.3771152,52.5201167],[13.3772616,52.5200099]]]},"properties":{"type":"roof","height_m":23.5}},{"type":"Feature","geometry":{"type":"Polygon","coordinates":[[[13.3779419,52.5199463],[13.3779422,52.5198682],[13.3779399,52.5197707],[13.377465,52.5199478],[13.3774661,52.519958],[13.3774674,52.5199804],[13.377942,52.5199793],[13.3779419,52.5199463]]]},"properties":{"type":"steps","height_m":5.0}},{"type":"Feature","geometry":{"type":"Polygon","coordinates":[[[13.3770388,52.5204883],[13.3770559,52.5204883],[13.3770559,52.5203434],[13.3770388,52.5203434],[13.3770388,52.5204883]]]},"properties":{"type":"government","height_m":18.0}},{"type":"Feature","geometry":{"type":"Polygon","coordinates":[[[13.3861632,52.5205342],[13.3863446,52.5206829],[13.3874452,52.5204516],[13.3876882,52.5204028],[13.3881035,52.5203178],[13.3880716,52.5201752],[13.3876079,52.5202399],[13.387363,52.5202791],[13.3870256,52.5203414],[13.3866804,52.5204115],[13.3861632,52.5205342]]]},"properties":{"type":"roof","height_m":25.0}},{"type":"Feature","geometry":{"type":"Polygon","coordinates":[[[13.3863333,52.5206841],[13.3867023,52.5206091],[13.3867228,52.520642],[13.3869754,52.5205898],[13.3869554,52.5205561],[13.3874452,52.5204516],[13.3874668,52.5204895],[13.3875973,52.5204626],[13.3877097,52.5204389],[13.3876882,52.5204028],[13.3881472,52.5203105],[13.3884191,52.5202663],[13.3886521,52.5202217],[13.3887102,52.5199181],[13.388378,52.5199054],[13.3880471,52.5199083],[13.3880453,52.5198896],[13.3877411,52.5199034],[13.3875858,52.5199153],[13.3875204,52.5199202],[13.3874711,52.5199262],[13.3873641,52.5199397],[13.3869349,52.5200053],[13.3865867,52.5200701],[13.3865849,52.5200705],[13.3864783,52.5200964],[13.3864763,52.5200969],[13.3862381,52.5201642],[13.3859321,52.5202699],[13.3857754,52.5203227],[13.3857472,52.5203341],[13.3863333,52.5206841]]]},"properties":{"type":"train_station","height_m":17.5}},{"type":"Feature","geometry":{"type":"Polygon","coordinates":[[[13.379463,52.5174886],[13.3794525,52.5174873],[13.3794403,52.5175515],[13.3794152,52.5175634],[13.3792961,52.517555],[13.3792752,52.5176543],[13.3794454,52.5176666],[13.3794746,52.517669],[13.3794685,52.5176925],[13.3794468,52.5177765],[13.3794529,52.5177833],[13.3794337,52.5177948],[13.379448,52.5178018],[13.3794024,52.5177986],[13.3794033,52.5177904],[13.3793934,52.5177843],[13.3793469,52.5177812],[13.3793374,52.517785],[13.3793372,52.5177942],[13.3792417,52.5177876],[13.3792201,52.5179093],[13.3795161,52.5179292],[13.3795845,52.5175438],[13.3795004,52.5175375],[13.3795076,52.5174907],[13.379463,52.5174886]]]},"properties":{"type":"apartments","height_m":25.0}},{"type":"Feature","geometry":{"type":"Polygon","coordinates":[[[13.3773786,52.5175363],[13.3772713,52.517759],[13.3774368,52.5177879],[13.3778365,52.5178139],[13.3778636,52.5176706],[13.3776022,52.5176539],[13.3776521,52.5175564],[13.3773786,52.5175363]]]},"properties":{"type":"office","height_m":21.0}},{"type":"Feature","geometry":{"type":"Polygon","coordinates":[[[13.3842823,52.5154337],[13.3842453,52.5154318],[13.3841858,52.5154279],[13.3841619,52.5154263],[13.3841577,52.5154496],[13.38399,52.5154386],[13.3838456,52.5154291],[13.383385,52.5153987],[13.3833896,52.5153728],[13.3833329,52.515369],[13.3833059,52.5154878],[13.3833029,52.5155046],[13.383376,52.5155095],[13.3833502,52.5156546],[13.3833746,52.5156562],[13.3833476,52.5158081],[13.3832993,52.5158049],[13.3832861,52.515879],[13.383312,52.5158807],[13.3832973,52.5159636],[13.3827605,52.5159283],[13.3827478,52.5159996],[13.3828777,52.5160082],[13.3828465,52.5161834],[13.3826487,52.5161703],[13.3826251,52.5162925],[13.3829791,52.5163158],[13.3830026,52.5161834],[13.3829661,52.516181],[13.3829779,52.5161147],[13.3832674,52.5161338],[13.3832601,52.516175],[13.3833299,52.5161796],[13.3833924,52.5161837],[13.3834474,52.5161873],[13.3835332,52.516193],[13.3835405,52.5161519],[13.3838272,52.5161708],[13.3838154,52.5162375],[13.3837853,52.5162355],[13.3837615,52.5163692],[13.384114,52.5163924],[13.3841081,52.5164256],[13.3843311,52.5164402],[13.3843326,52.5164317],[13.3845811,52.5164481],[13.3845795,52.5164566],[13.3846109,52.5164587],[13.3846422,52.5164607],[13.3846436,52.516453],[13.3848812,52.5164686],[13.3848797,52.5164766],[13.3851036,52.5164913],[13.3851056,52.5164799],[13.3851365,52.5163059],[13.3848932,52.5162899],[13.3848888,52.5163142],[13.3843818,52.5162808],[13.3843861,52.5162567],[13.384147,52.5162409],[13.384139,52.5162404],[13.3841338,52.5162697],[13.3839411,52.516257],[13.3839724,52.516081],[13.3841758,52.5160944],[13.3841886,52.5160223],[13.3835688,52.5159815],[13.3835843,52.5158947],[13.3835991,52.5158957],[13.3836061,52.5158565],[13.3836408,52.5158588],[13.3836784,52.5156477],[13.3836413,52.5156452],[13.3836485,52.5156048],[13.3836344,52.5156039],[13.3836483,52.5155254],[13.3841907,52.5155611],[13.3841929,52.5155486],[13.3842267,52.5155508],[13.3842644,52.5155533],[13.3842823,52.5154337]]]},"properties":{"type":"embassy","height_m":17.5}},{"type":"Feature","geometry":{"type":"Polygon","coordinates":[[[13.3887332,52.5165821],[13.3887372,52.5165569],[13.3886654,52.5165527],[13.3886681,52.5165361],[13.388739,52.5165403],[13.3888225,52.5160186],[13.3888563,52.5158075],[13.388778,52.5157508],[13.3885981,52.5157395],[13.3882307,52.515719],[13.3876553,52.5156843],[13.3876019,52.5160175],[13.3876612,52.516021],[13.3876521,52.516078],[13.3879795,52.5160974],[13.3879882,52.5160428],[13.3881014,52.5160495],[13.3880951,52.516089],[13.3884403,52.5161094],[13.3884341,52.5161482],[13.3884036,52.5161464],[13.3883846,52.5162653],[13.3884197,52.5162674],[13.3883844,52.5164879],[13.388375,52.5165464],[13.3883031,52.5165421],[13.3883052,52.5165286],[13.3881372,52.5165186],[13.3880883,52.5165157],[13.3880627,52.5166753],[13.3883528,52.5166925],[13.3886277,52.5167093],[13.3887121,52.5167138],[13.3887214,52.516656],[13.3887292,52.5166073],[13.3887332,52.5165821]]]},"properties":{"type":"hotel","height_m":24.5}},{"type":"Feature","geometry":{"type":"Polygon","coordinates":[[[13.3807684,52.5171621],[13.3809633,52.517175],[13.3809684,52.5171238],[13.3810195,52.5171283],[13.3810329,52.5171239],[13.381042,52.5171146],[13.3810415,52.5171073],[13.3810386,52.5170983],[13.3810295,52.5170937],[13.3810194,52.5170911],[13.3810295,52.5170408],[13.3812561,52.5170594],[13.3813073,52.5167835],[13.3808411,52.5167512],[13.3807728,52.5171372],[13.3807684,52.5171621]]]},"properties":{"type":"embassy","height_m":25.0}},{"type":"Feature","geometry":{"type":"Polygon","coordinates":[[[13.3808886,52.5175616],[13.380697,52.5175458],[13.3807684,52.5171621],[13.3809633,52.517175],[13.3809409,52.5173001],[13.381097,52.5173107],[13.3810788,52.5174225],[13.3809369,52.5174117],[13.3809165,52.517422],[13.3808886,52.5175616]]]},"properties":{"type":"government","height_m":17.5}},{"type":"Feature","geometry":{"type":"Polygon","coordinates":[[[13.3804721,52.5188503],[13.3807998,52.5188741],[13.3810624,52.5188996],[13.3812898,52.5189298],[13.3815226,52.5189732],[13.3817497,52.5190139],[13.3817689,52.5189418],[13.3815664,52.5188957],[13.3815978,52.5188361],[13.3817775,52.518848],[13.3818048,52.5187563],[13.3815569,52.5187396],[13.3807839,52.5186875],[13.3807906,52.5186397],[13.3805087,52.5186211],[13.3804721,52.5188503]]]},"properties":{"type":"office","height_m":21.0}},{"type":"Feature","geometry":{"type":"Polygon","coordinates":[[[13.3861857,52.5186485],[13.3862384,52.5186519],[13.3862395,52.5186456],[13.3862934,52.518649],[13.3862923,52.5186554],[13.3866483,52.5186784],[13.3866493,52.518673],[13.386705,52.5186766],[13.386704,52.518682],[13.3867999,52.5186882],[13.3868509,52.5186915],[13.3868369,52.5187738],[13.3866861,52.5187643],[13.3866462,52.5189986],[13.3863054,52.5189771],[13.3862887,52.5190755],[13.3862384,52.5190723],[13.3862334,52.5191016],[13.3861102,52.5190939],[13.3861857,52.5186485]]]},"properties":{"type":"office","height_m":14.0}},{"type":"Feature","geometry":{"type":"Polygon","coordinates":[[[13.3884334,52.5186234],[13.3884367,52.5186042],[13.3884512,52.5185201],[13.3884982,52.5182464],[13.3885212,52.5181128],[13.3884891,52.5181108],[13.3882545,52.5180958],[13.3882076,52.5183684],[13.3881667,52.5186064],[13.3883662,52.5186191],[13.3883734,52.5186196],[13.3884334,52.5186234]]]},"properties":{"type":"office","height_m":24.5}},{"type":"Feature","geometry":{"type":"Polygon","coordinates":[[[13.3868346,52.5183696],[13.3868967,52.5180089],[13.3872547,52.5180321],[13.3875076,52.5180482],[13.3876348,52.5180562],[13.387703,52.5180606],[13.3877786,52.5180655],[13.3879033,52.5180734],[13.3881762,52.5180908],[13.3882545,52.5180958],[13.3882076,52.5183684],[13.3881667,52.5186064],[13.3879574,52.5185933],[13.3874854,52.518563],[13.3875112,52.5184127],[13.3874523,52.518409],[13.3872808,52.5183978],[13.3871294,52.5183886],[13.3868346,52.5183696]]]},"properties":{"type":"hotel","height_m":25.0}},{"type":"Feature","geometry":{"type":"Polygon","coordinates":[[[13.3888698,52.5186544],[13.3888967,52.5184985],[13.3892547,52.5185214],[13.3892278,52.5186773],[13.3889196,52.5186576],[13.3888698,52.5186544]]]},"properties":{"type":"yes","height_m":25.0}},{"type":"Feature","geometry":{"type":"Polygon","coordinates":[[[13.3895635,52.5167787],[13.3895618,52.516788],[13.3896826,52.5167961],[13.3897929,52.5168034],[13.3897946,52.5167941],[13.3903308,52.5168276],[13.3903585,52.5166666],[13.3903601,52.5166573],[13.390318,52.5166543],[13.390353,52.5164623],[13.3903999,52.516464],[13.3904221,52.5163351],[13.3903721,52.5163319],[13.3897664,52.516294],[13.3897021,52.51629],[13.3891062,52.5162523],[13.3890221,52.5167449],[13.3891454,52.5167527],[13.3895635,52.5167787]]]},"properties":{"type":"office","height_m":15.8}},{"type":"Feature","geometry":{"type":"Polygon","coordinates":[[[13.3787239,52.5180464],[13.378749,52.5180486],[13.3787753,52.5180508],[13.3788134,52.5178818],[13.3787898,52.5178797],[13.378762,52.5178773],[13.3787239,52.5180464]]]},"properties":{"type":"bridge","height_m":25.0}},{"type":"Feature","geometry":{"type":"Polygon","coordinates":[[[13.3801828,52.518146],[13.3802138,52.5179764],[13.3801887,52.5179746],[13.3801672,52.5179732],[13.3801361,52.5181428],[13.3801601,52.5181444],[13.3801828,52.518146]]]},"properties":{"type":"bridge","height_m":25.0}},{"type":"Feature","geometry":{"type":"Polygon","coordinates":[[[13.3778274,52.5208824],[13.3781379,52.5208808],[13.3781376,52.520861],[13.378137,52.5208151],[13.3781363,52.5207651],[13.3781359,52.5207397],[13.3781361,52.520715],[13.3778768,52.5207157],[13.3778259,52.5207158],[13.3778257,52.5207353],[13.3778257,52.5207409],[13.377826,52.5207674],[13.3778263,52.5207885],[13.3778147,52.5207908],[13.377801,52.5207965],[13.3777932,52.5208022],[13.3777878,52.5208089],[13.3777851,52.5208161],[13.3777855,52.5208245],[13.3777894,52.5208325],[13.3777992,52.5208413],[13.3778133,52.5208477],[13.3778269,52.5208505],[13.3778271,52.5208633],[13.3778274,52.5208824]]]},"properties":{"type":"guardhouse","height_m":25.0}},{"type":"Feature","geometry":{"type":"Polygon","coordinates":[[[13.3811935,52.516102],[13.3811608,52.5160994],[13.3811096,52.5160954],[13.3810867,52.5162205],[13.3811116,52.5162222],[13.3815187,52.5162501],[13.381768,52.5162679],[13.3820225,52.5162861],[13.3822468,52.5163022],[13.3823802,52.5163117],[13.3824034,52.5161873],[13.3821193,52.5161703],[13.3821204,52.5161641],[13.3820384,52.5161585],[13.3820373,52.5161648],[13.3815469,52.5161295],[13.3815487,52.5161213],[13.381471,52.5161149],[13.3814691,52.5161231],[13.3814079,52.5161179],[13.3814245,52.5160458],[13.3814353,52.5160458],[13.3815055,52.5158797],[13.3815159,52.5158812],[13.3815338,52.5158353],[13.3815234,52.5158338],[13.3815553,52.5157519],[13.3813563,52.5157167],[13.3813464,52.51574],[13.3811935,52.516102]]]},"properties":{"type":"government","height_m":25.0}},{"type":"Feature","geometry":{"type":"Polygon","coordinates":[[[13.3891191,52.5161646],[13.3894886,52.5161862],[13.3898604,52.5162086],[13.3899406,52.5162131],[13.3902013,52.5162297],[13.3902408,52.5162322],[13.3903105,52.5158275],[13.3901596,52.5158177],[13.3899793,52.5158055],[13.3894491,52.515771],[13.3891816,52.5157532],[13.3891435,52.5159963],[13.3891191,52.5161646]]]},"properties":{"type":"retail","height_m":17.5}},{"type":"Feature","geometry":{"type":"Polygon","coordinates":[[[13.3894288,52.5154523],[13.389394,52.5154501],[13.3893972,52.515435],[13.3894021,52.5154354],[13.389411,52.5154309],[13.3894069,52.5154277],[13.3894104,52.5154259],[13.3894125,52.5154159],[13.3894024,52.5154078],[13.3893809,52.515407],[13.3892346,52.5153977],[13.3892229,52.5154706],[13.3892112,52.5155372],[13.3892386,52.5155577],[13.3894821,52.515573],[13.3895855,52.515579],[13.3896127,52.5154205],[13.3895458,52.5154163],[13.3895235,52.5154155],[13.3895171,52.515458],[13.3894865,52.515456],[13.3894867,52.5154551],[13.3894715,52.5154437],[13.3894477,52.515442],[13.3894295,52.5154512],[13.3894288,52.5154523]]]},"properties":{"type":"retail","height_m":17.5}},{"type":"Feature","geometry":{"type":"Polygon","coordinates":[[[13.3892577,52.5152626],[13.3892492,52.5153126],[13.3894433,52.515325],[13.3896271,52.5153367],[13.3896708,52.515082],[13.3897028,52.5148955],[13.3893263,52.5148716],[13.389306,52.5149901],[13.3892942,52.5150585],[13.3892664,52.5152121],[13.3892577,52.5152626]]]},"properties":{"type":"office","height_m":28.0}},{"type":"Feature","geometry":{"type":"Polygon","coordinates":[[[13.3902564,52.5149307],[13.3901966,52.5149269],[13.3900115,52.5149151],[13.3897028,52.5148955],[13.3896708,52.515082],[13.3902244,52.5151171],[13.3902564,52.5149307]]]},"properties":{"type":"yes","height_m":25.0}},{"type":"Feature","geometry":{"type":"Polygon","coordinates":[[[13.3896195,52.515381],[13.3896127,52.5154205],[13.3895855,52.515579],[13.3898461,52.5155956],[13.3902338,52.5156202],[13.3902678,52.5154222],[13.3896195,52.515381]]]},"properties":{"type":"yes","height_m":25.0}},{"type":"Feature","geometry":{"type":"Polygon","coordinates":[[[13.3802542,52.5168811],[13.3802272,52.5170299],[13.3802779,52.5170334],[13.380271,52.5170711],[13.3801149,52.5170597],[13.3800978,52.5171536],[13.3804414,52.5171759],[13.3804482,52.5171356],[13.3805257,52.516745],[13.3805284,52.5167299],[13.3801794,52.5167063],[13.3801559,52.5168355],[13.3803113,52.516846],[13.3803043,52.5168845],[13.3802542,52.5168811]]]},"properties":{"type":"office","height_m":21.0}},{"type":"Feature","geometry":{"type":"Polygon","coordinates":[[[13.3805057,52.5150541],[13.3804805,52.515223],[13.3804698,52.5152764],[13.3806534,52.5152998],[13.3806749,52.5152635],[13.380649,52.5152557],[13.3806914,52.5151777],[13.3809304,52.5152266],[13.3808887,52.5153058],[13.3808629,52.5153006],[13.3808502,52.5153235],[13.3809917,52.5153395],[13.3811891,52.5153755],[13.3812681,52.5152193],[13.3812469,52.5152261],[13.3812233,52.515221],[13.3812308,52.5152064],[13.3812525,52.5151997],[13.3805057,52.5150541]]]},"properties":{"type":"hotel","height_m":22.0}},{"type":"Feature","geometry":{"type":"Polygon","coordinates":[[[13.3788305,52.5148763],[13.3788263,52.5148887],[13.3788279,52.5148908],[13.3788254,52.5149053],[13.3788228,52.5149198],[13.3787996,52.5150525],[13.3787859,52.5151149],[13.3787684,52.5152088],[13.3787051,52.5155492],[13.3786966,52.5155948],[13.3786674,52.515785],[13.3787252,52.5157888],[13.3789235,52.5158018],[13.379033,52.515809],[13.3792522,52.5158234],[13.3792653,52.5158243],[13.3792794,52.5158252],[13.3794111,52.5150933],[13.3794349,52.5149604],[13.3794375,52.5149459],[13.3794401,52.5149314],[13.3794427,52.5149169],[13.3793962,52.5149159],[13.3793446,52.5149169],[13.3793164,52.5149083],[13.3792827,52.514903],[13.3792588,52.514903],[13.3792328,52.5149043],[13.3792144,52.5149063],[13.3791888,52.514904],[13.3791666,52.5148981],[13.3791389,52.5148931],[13.3790987,52.5148938],[13.3790678,52.5149],[13.3790407,52.5148948],[13.3790124,52.5148865],[13.3789592,52.5148845],[13.3789251,52.5148901],[13.3788979,52.5148872],[13.3788681,52.5148796],[13.3788305,52.5148763]]]},"properties":{"type":"yes","height_m":35.0}},{"type":"Feature","geometry":{"type":"Polygon","coordinates":[[[13.3815702,52.518047],[13.3808245,52.5179959],[13.3808886,52.5175616],[13.380697,52.5175458],[13.3806826,52.5175653],[13.3806177,52.5179126],[13.3805822,52.5181026],[13.3806218,52.5181162],[13.3815205,52.5181775],[13.381536,52.5181678],[13.3815504,52.5181678],[13.3815702,52.518047]]]},"properties":{"type":"government","height_m":21.0}},{"type":"Feature","geometry":{"type":"Polygon","coordinates":[[[13.3824449,52.5172845],[13.3824308,52.5173651],[13.3825215,52.5173741],[13.3827727,52.517391],[13.3827869,52.5173128],[13.3826807,52.5173057],[13.3827123,52.5171319],[13.3827414,52.5169853],[13.3825929,52.5169756],[13.3825376,52.5172905],[13.3824449,52.5172845]]]},"properties":{"type":"yes","height_m":25.0}},{"type":"Feature","geometry":{"type":"Polygon","coordinates":[[[13.3848706,52.5190347],[13.3847718,52.519029],[13.3847695,52.5190435],[13.3840874,52.5190041],[13.3840358,52.5193351],[13.3845001,52.5193619],[13.3847169,52.5193744],[13.3847148,52.519388],[13.3848146,52.5193937],[13.3848706,52.5190347]]]},"properties":{"type":"government","height_m":7.0}},{"type":"Feature","geometry":{"type":"Polygon","coordinates":[[[13.3848311,52.5186608],[13.3841445,52.5186174],[13.3841599,52.5185144],[13.3848486,52.5185584],[13.3848311,52.5186608]]]},"properties":{"type":"government","height_m":24.5}},{"type":"Feature","geometry":{"type":"Polygon","coordinates":[[[13.3829323,52.5187257],[13.3828785,52.5187222],[13.3828807,52.5187096],[13.3828318,52.5187064],[13.3828292,52.5187216],[13.3827436,52.5187161],[13.3827539,52.518657],[13.3827666,52.5186579],[13.3827712,52.5186315],[13.3827585,52.5186306],[13.3827693,52.5185692],[13.3828408,52.5185738],[13.38284,52.5185782],[13.3828874,52.5185813],[13.3828881,52.5185769],[13.382954,52.5185812],[13.3829609,52.5185382],[13.3829792,52.51844],[13.3829474,52.5184379],[13.3826892,52.5184209],[13.3826717,52.518521],[13.3826177,52.5188302],[13.3827208,52.5188369],[13.3827687,52.51884],[13.3827694,52.5188364],[13.3829113,52.5188456],[13.3829323,52.5187257]]]},"properties":{"type":"government","height_m":25.0}},{"type":"Feature","geometry":{"type":"Polygon","coordinates":[[[13.3829609,52.5185382],[13.3835058,52.5185757],[13.3835241,52.5184775],[13.383471,52.5184738],[13.3833461,52.5184653],[13.3829792,52.51844],[13.3829609,52.5185382]]]},"properties":{"type":"government","height_m":24.5}},{"type":"Feature","geometry":{"type":"Polygon","coordinates":[[[13.3837872,52.5184907],[13.3837591,52.5186383],[13.3837463,52.5187051],[13.3838502,52.5187124],[13.3838627,52.5186468],[13.3839434,52.5186525],[13.3839308,52.5187185],[13.3840177,52.5187246],[13.3840586,52.5185098],[13.3837872,52.5184907]]]},"properties":{"type":"public","height_m":14.0}},{"type":"Feature","geometry":{"type":"Polygon","coordinates":[[[13.383498,52.5186207],[13.3835771,52.5186251],[13.3836037,52.5186141],[13.3836623,52.5186186],[13.3836887,52.5186336],[13.3837591,52.5186383],[13.3837872,52.5184907],[13.3836677,52.5184847],[13.3835241,52.5184775],[13.3835058,52.5185757],[13.383498,52.5186207]]]},"properties":{"type":"government","height_m":14.0}},{"type":"Feature","geometry":{"type":"Polygon","coordinates":[[[13.3834715,52.5187838],[13.3834678,52.5188024],[13.3837445,52.5188215],[13.3837479,52.5188015],[13.3838339,52.5188069],[13.3838722,52.5188348],[13.3838419,52.5189913],[13.3839647,52.5189991],[13.3840177,52.5187246],[13.3839308,52.5187185],[13.3839263,52.518742],[13.3838468,52.5187358],[13.3838502,52.5187124],[13.3837463,52.5187051],[13.3837432,52.5187289],[13.3836742,52.5187241],[13.3836769,52.5186996],[13.383562,52.5186933],[13.3835574,52.5187167],[13.3834805,52.5187107],[13.383486,52.5186853],[13.3833888,52.5186789],[13.3833824,52.5187044],[13.3833106,52.5186993],[13.3833139,52.5186764],[13.3832235,52.51867],[13.3831977,52.5188113],[13.3831844,52.5188861],[13.3831738,52.5189484],[13.3833164,52.5189576],[13.3833398,52.5187957],[13.3833855,52.5187775],[13.3834715,52.5187838]]]},"properties":{"type":"yes","height_m":25.0}},{"type":"Feature","geometry":{"type":"Polygon","coordinates":[[[13.3838739,52.5196157],[13.3839418,52.5191316],[13.3839647,52.5189991],[13.3840177,52.5187246],[13.3840586,52.5185098],[13.3841056,52.5185119],[13.3841599,52.5185144],[13.3841445,52.5186174],[13.3840874,52.5190041],[13.3840358,52.5193351],[13.383987,52.51965],[13.3838739,52.5196157]]]},"properties":{"type":"government","height_m":17.5}},{"type":"Feature","geometry":{"type":"Polygon","coordinates":[[[13.3831506,52.5190809],[13.3832887,52.5190898],[13.3838137,52.5191234],[13.3839418,52.5191316],[13.3839647,52.5189991],[13.3838419,52.5189913],[13.3837162,52.5189832],[13.3834412,52.5189656],[13.3833164,52.5189576],[13.3831738,52.5189484],[13.3831523,52.5190697],[13.3831506,52.5190809]]]},"properties":{"type":"yes","height_m":25.0}},{"type":"Feature","geometry":{"type":"Polygon","coordinates":[[[13.3831506,52.5190809],[13.3831142,52.5192771],[13.3830951,52.5193835],[13.3838739,52.5196157],[13.3839418,52.5191316],[13.3838137,52.5191234],[13.3837807,52.5193251],[13.3832553,52.5192918],[13.3832887,52.5190898],[13.3831506,52.5190809]]]},"properties":{"type":"government","height_m":25.0}},{"type":"Feature","geometry":{"type":"Polygon","coordinates":[[[13.3855083,52.5163368],[13.3856781,52.516348],[13.3857998,52.5156635],[13.3858138,52.515585],[13.3856379,52.5155734],[13.3856364,52.5155815],[13.3856272,52.5156337],[13.3855568,52.5156291],[13.3854444,52.5162609],[13.3855209,52.516266],[13.3855083,52.5163368]]]},"properties":{"type":"office","height_m":21.0}},{"type":"Feature","geometry":{"type":"Polygon","coordinates":[[[13.3832384,52.5151434],[13.3834913,52.5151593],[13.3838241,52.5151803],[13.3841657,52.5152019],[13.3843049,52.5152107],[13.3843238,52.5150996],[13.3832573,52.5150323],[13.3832384,52.5151434]]]},"properties":{"type":"civic","height_m":28.0}},{"type":"Feature","geometry":{"type":"Polygon","coordinates":[[[13.382526,52.5150781],[13.3826774,52.5150881],[13.3826774,52.5151004],[13.3826707,52.5151461],[13.3829148,52.5151616],[13.3830757,52.5151714],[13.3831089,52.5149526],[13.3830851,52.5149513],[13.3830915,52.5149016],[13.3829338,52.5148903],[13.3829331,52.5148754],[13.3828456,52.5148698],[13.3828458,52.5148568],[13.3827033,52.5148466],[13.3826885,52.5149558],[13.3827055,52.5149591],[13.3827042,52.5149672],[13.3826986,52.5149974],[13.3826969,52.5150083],[13.3825416,52.5149995],[13.382526,52.5150781]]]},"properties":{"type":"embassy","height_m":25.0}},{"type":"Feature","geometry":{"type":"Polygon","coordinates":[[[13.3821426,52.5150924],[13.3823814,52.5151088],[13.3824128,52.5149797],[13.3826986,52.5149974],[13.3827042,52.5149672],[13.38258,52.5149594],[13.3826102,52.514804],[13.3824497,52.5147932],[13.3824512,52.5147682],[13.3822118,52.5147553],[13.3821426,52.5150924]]]},"properties":{"type":"embassy","height_m":25.0}},{"type":"Feature","geometry":{"type":"Polygon","coordinates":[[[13.3874496,52.5164779],[13.3874454,52.5165041],[13.3874258,52.5166267],[13.3874241,52.5166375],[13.3876968,52.5166536],[13.3878328,52.5166617],[13.3880627,52.5166753],[13.3880883,52.5165157],[13.3874496,52.5164779]]]},"properties":{"type":"apartments","height_m":25.0}},{"type":"Feature","geometry":{"type":"Polygon","coordinates":[[[13.3858817,52.5170908],[13.3858176,52.5174798],[13.3858024,52.5175646],[13.3859748,52.517576],[13.3859873,52.5175066],[13.3860428,52.5175094],[13.3861113,52.5171047],[13.3860719,52.5171022],[13.3858817,52.5170908]]]},"properties":{"type":"commercial","height_m":17.5}},{"type":"Feature","geometry":{"type":"Polygon","coordinates":[[[13.3871257,52.5178584],[13.3872159,52.5178641],[13.3872629,52.5175894],[13.3871895,52.5175847],[13.3872351,52.5173185],[13.3873106,52.5173233],[13.387312,52.517315],[13.3873349,52.5171818],[13.3865588,52.5171325],[13.3865323,52.5172876],[13.3865991,52.5172918],[13.3865867,52.5173643],[13.3865203,52.5173601],[13.3864989,52.5174852],[13.3865636,52.5174893],[13.3865547,52.5175414],[13.3864898,52.5175372],[13.3864397,52.517815],[13.3865008,52.5178189],[13.3869122,52.5178449],[13.3870393,52.5178529],[13.387083,52.5178557],[13.3871257,52.5178584]]]},"properties":{"type":"office","height_m":17.5}},{"type":"Feature","geometry":{"type":"Polygon","coordinates":[[[13.3822971,52.5200016],[13.3823606,52.5201323],[13.3823902,52.5201948],[13.3822811,52.5202131],[13.3822673,52.5201815],[13.3822717,52.5201815],[13.3822458,52.5201262],[13.3820048,52.5200553],[13.3819559,52.5200615],[13.381917,52.5200678],[13.3818761,52.5199835],[13.3818827,52.5198718],[13.3819073,52.5198789],[13.3819318,52.5198859],[13.3822914,52.5199895],[13.3822971,52.5200016]]]},"properties":{"type":"office","height_m":17.5}},{"type":"Feature","geometry":{"type":"Polygon","coordinates":[[[13.3841819,52.5206738],[13.3840781,52.5208957],[13.3841781,52.5208971],[13.3841861,52.5208776],[13.3842066,52.5208749],[13.3841964,52.5208457],[13.3842147,52.5208034],[13.3842257,52.5208055],[13.3842387,52.5207772],[13.384227,52.5207751],[13.3842393,52.520747],[13.3842325,52.5207459],[13.3842485,52.5207257],[13.3842776,52.5207209],[13.3842813,52.5207294],[13.3843081,52.520738],[13.3843082,52.5207455],[13.3844192,52.5207824],[13.3844884,52.5206592],[13.384225,52.5205713],[13.3842204,52.5205821],[13.3841819,52.5206738]]]},"properties":{"type":"apartments","height_m":21.0}},{"type":"Feature","geometry":{"type":"Polygon","coordinates":[[[13.3828341,52.5202714],[13.3823606,52.5201323],[13.3822971,52.5200016],[13.3829049,52.5201825],[13.3828869,52.5202068],[13.3828341,52.5202714]]]},"properties":{"type":"government","height_m":25.0}},{"type":"Feature","geometry":{"type":"Polygon","coordinates":[[[13.3804041,52.5210068],[13.3803403,52.5210029],[13.3803552,52.5209084],[13.3803049,52.5209059],[13.3803053,52.5208937],[13.3802952,52.5208938],[13.3802821,52.5208828],[13.3802867,52.5208473],[13.3802566,52.5208468],[13.3800816,52.5208361],[13.3800777,52.5208588],[13.3800467,52.5210404],[13.3806844,52.5210795],[13.3807164,52.5208764],[13.380516,52.5208637],[13.3804893,52.5210237],[13.3804148,52.5210201],[13.3804041,52.5210068]]]},"properties":{"type":"office","height_m":21.0}},{"type":"Feature","geometry":{"type":"Polygon","coordinates":[[[13.3815222,52.5209256],[13.3815201,52.5209194],[13.3816539,52.5208977],[13.3816306,52.5208449],[13.3816449,52.5208431],[13.3816454,52.5208443],[13.3816663,52.5208417],[13.3816599,52.5208308],[13.3816516,52.5208281],[13.3816352,52.5207881],[13.3816406,52.5207872],[13.3816331,52.5207691],[13.3816277,52.5207699],[13.3816116,52.5207307],[13.3816164,52.52073],[13.3816086,52.520711],[13.3816038,52.5207117],[13.3815883,52.520674],[13.3815936,52.5206732],[13.381586,52.5206547],[13.3815807,52.5206555],[13.3815649,52.5206172],[13.3815705,52.5206164],[13.3815624,52.5205965],[13.3815568,52.5205974],[13.3815409,52.5205588],[13.3815465,52.5205579],[13.3815391,52.5205398],[13.3815335,52.5205407],[13.3815176,52.5205021],[13.3815229,52.5205013],[13.3815152,52.5204826],[13.3815099,52.5204834],[13.3814933,52.5204431],[13.3815004,52.520442],[13.3814972,52.5204338],[13.3815149,52.5204307],[13.3813842,52.5201206],[13.3810114,52.5201798],[13.3810184,52.5201957],[13.3811139,52.5204287],[13.3811417,52.5204972],[13.3812504,52.5205037],[13.3813806,52.5208267],[13.3814224,52.5209196],[13.3815222,52.5209256]]]},"properties":{"type":"industrial","height_m":17.5}},{"type":"Feature","geometry":{"type":"Polygon","coordinates":[[[13.3825674,52.5208466],[13.3826854,52.5208258],[13.3828386,52.5207987],[13.3828382,52.5207979],[13.3826478,52.5204109],[13.3823804,52.5204627],[13.3825674,52.5208466]]]},"properties":{"type":"garages","height_m":25.0}},{"type":"Feature","geometry":{"type":"Polygon","coordinates":[[[13.3823949,52.5208073],[13.3822441,52.5204876],[13.382135,52.5205057],[13.382261,52.5207943],[13.3822759,52.5208265],[13.3823949,52.5208073]]]},"properties":{"type":"yes","height_m":25.0}},{"type":"Feature","geometry":{"type":"Polygon","coordinates":[[[13.3848988,52.521045],[13.3848818,52.5210408],[13.3848154,52.5210045],[13.3848086,52.521007],[13.3847957,52.5209886],[13.3849769,52.5209299],[13.385084,52.520991],[13.3851082,52.5210535],[13.385063,52.5211225],[13.3850388,52.5211595],[13.3848517,52.5211161],[13.384875,52.521081],[13.3848988,52.521045]]]},"properties":{"type":"apartments","height_m":21.0}},{"type":"Feature","geometry":{"type":"Polygon","coordinates":[[[13.3863942,52.5163109],[13.3864135,52.5161891],[13.3862011,52.5161766],[13.3862211,52.5160509],[13.3864347,52.5160635],[13.3864826,52.5157625],[13.386551,52.5157665],[13.3865793,52.5155888],[13.3868226,52.5156031],[13.3869858,52.5156127],[13.387371,52.5156354],[13.387549,52.5156459],[13.3874695,52.5161451],[13.3874334,52.5163721],[13.3869745,52.5163467],[13.3869427,52.5163452],[13.3865366,52.5163193],[13.3865269,52.5163187],[13.3863942,52.5163109]]]},"properties":{"type":"theatre","height_m":25.0}},{"type":"Feature","geometry":{"type":"Polygon","coordinates":[[[13.3868743,52.5164703],[13.3868738,52.5164594],[13.3868022,52.5164546],[13.3868038,52.5164661],[13.3865198,52.5164493],[13.3865063,52.5164485],[13.3864407,52.5164446],[13.3864211,52.5165671],[13.3874258,52.5166267],[13.3874454,52.5165041],[13.3874115,52.5165021],[13.3869336,52.5164738],[13.3868969,52.5164716],[13.3868743,52.5164703]]]},"properties":{"type":"commercial","height_m":17.5}},{"type":"Feature","geometry":{"type":"Polygon","coordinates":[[[13.3885998,52.5197904],[13.3886307,52.5195737],[13.3886096,52.519572],[13.3886216,52.5195054],[13.3886408,52.5195059],[13.3886617,52.5193757],[13.3893852,52.5194205],[13.3893974,52.5194214],[13.3893761,52.519554],[13.3888456,52.5195206],[13.3888254,52.5196617],[13.3893535,52.5196946],[13.3893399,52.5197769],[13.3893301,52.519836],[13.3891933,52.5198276],[13.3891906,52.5198513],[13.3889696,52.5198388],[13.3889742,52.5198134],[13.3885998,52.5197904]]]},"properties":{"type":"hotel","height_m":31.5}},{"type":"Feature","geometry":{"type":"Polygon","coordinates":[[[13.3886794,52.5192402],[13.3887444,52.5188223],[13.3890084,52.5188375],[13.389007,52.5188466],[13.38949,52.5188744],[13.3894694,52.5190075],[13.3894481,52.5191444],[13.3894451,52.5191635],[13.3894265,52.5192832],[13.3894052,52.519282],[13.3886794,52.5192402]]]},"properties":{"type":"office","height_m":25.0}},{"type":"Feature","geometry":{"type":"Polygon","coordinates":[[[13.3886431,52.5186399],[13.3886924,52.5186431],[13.3888698,52.5186544],[13.3888967,52.5184985],[13.3892547,52.5185214],[13.3892278,52.5186773],[13.3892906,52.5186813],[13.3893347,52.5184263],[13.3893789,52.5181704],[13.3892861,52.5181644],[13.3891518,52.5181558],[13.3889132,52.5181406],[13.3887743,52.5181316],[13.3887314,52.5181289],[13.3886998,52.5183117],[13.3886727,52.5184687],[13.3886513,52.5185925],[13.3886479,52.518612],[13.3886431,52.5186399]]]},"properties":{"type":"commercial","height_m":24.5}},{"type":"Feature","geometry":{"type":"Polygon","coordinates":[[[13.3898096,52.5197143],[13.3898144,52.5196893],[13.389821,52.5196546],[13.3896219,52.5196424],[13.3896013,52.5197933],[13.3895954,52.5198262],[13.3900883,52.5198572],[13.3901099,52.519735],[13.3898096,52.5197143]]]},"properties":{"type":"office","height_m":10.5}},{"type":"Feature","geometry":{"type":"Polygon","coordinates":[[[13.3862499,52.5152043],[13.3862264,52.5153521],[13.3862451,52.5153658],[13.3865011,52.5153825],[13.386503,52.5153701],[13.3865195,52.5152719],[13.3865222,52.5152583],[13.3865269,52.5152218],[13.3862499,52.5152043]]]},"properties":{"type":"apartments","height_m":22.6}},{"type":"Feature","geometry":{"type":"Polygon","coordinates":[[[13.3783449,52.5186127],[13.3779673,52.518573],[13.3779673,52.518683],[13.3776983,52.5186822],[13.3776958,52.5185505],[13.3774712,52.5185313],[13.3774781,52.5188422],[13.3779866,52.5188389],[13.377985,52.5187451],[13.3780374,52.5187432],[13.3780405,52.5187046],[13.3783436,52.5187064],[13.3783552,52.5186423],[13.3783392,52.5186402],[13.3783449,52.5186127]]]},"properties":{"type":"government","height_m":10.5}},{"type":"Feature","geometry":{"type":"Polygon","coordinates":[[[13.3900227,52.5173552],[13.3894867,52.5173239],[13.3889419,52.5172838],[13.3888832,52.5172795],[13.3887621,52.5179582],[13.3888084,52.5179616],[13.3893498,52.5180014],[13.3896113,52.5180181],[13.3897065,52.5180238],[13.3898107,52.5180301],[13.3898444,52.5180321],[13.3899085,52.518036],[13.389932,52.5178857],[13.3899621,52.5176941],[13.389978,52.5175928],[13.3900227,52.5173552]]]},"properties":{"type":"retail","height_m":38.5}},{"type":"Feature","geometry":{"type":"Polygon","coordinates":[[[13.3886313,52.5174716],[13.3885533,52.517949],[13.3885199,52.5179466],[13.3882166,52.5179253],[13.3882927,52.5174722],[13.3883903,52.5174723],[13.3884023,52.5174701],[13.3884028,52.5174574],[13.3886011,52.5174697],[13.3886313,52.5174716]]]},"properties":{"type":"commercial","height_m":17.5}},{"type":"Feature","geometry":{"type":"Polygon","coordinates":[[[13.3780754,52.5159982],[13.3778771,52.5159833],[13.377868,52.5159826],[13.3778694,52.5159749],[13.3778903,52.5158544],[13.3779111,52.5157343],[13.3780517,52.5157441],[13.3781196,52.5157489],[13.3780975,52.5158735],[13.3780754,52.5159982]]]},"properties":{"type":"apartments","height_m":14.0}},{"type":"Feature","geometry":{"type":"Polygon","coordinates":[[[13.3861435,52.5221147],[13.3860825,52.5221587],[13.386078,52.5221564],[13.3860068,52.5222079],[13.3860019,52.5222053],[13.3859612,52.5222347],[13.3859515,52.5222297],[13.3859413,52.5222392],[13.3858459,52.5221902],[13.3858419,52.5221882],[13.3858502,52.5221829],[13.3855725,52.52204],[13.385612,52.5220108],[13.3857833,52.5218846],[13.3858523,52.5218336],[13.386134,52.5219706],[13.3861408,52.5219649],[13.3861573,52.521965],[13.3861633,52.5219675],[13.3861707,52.5219635],[13.3861794,52.5219604],[13.3861889,52.5219584],[13.3861988,52.5219577],[13.3862088,52.5219582],[13.3862184,52.5219599],[13.3862273,52.5219627],[13.3862351,52.5219666],[13.3862414,52.5219713],[13.386246,52.5219767],[13.3862488,52.5219826],[13.3862496,52.5219887],[13.3862483,52.5219948],[13.3862451,52.5220005],[13.38624,52.5220058],[13.386244,52.5220078],[13.3862567,52.5220078],[13.3862562,52.5220229],[13.3862073,52.5220568],[13.3862125,52.5220607],[13.3861398,52.5221122],[13.3861435,52.5221147]]]},"properties":{"type":"civic","height_m":14.0}},{"type":"Feature","geometry":{"type":"Polygon","coordinates":[[[13.3883751,52.5206289],[13.3886182,52.5206423],[13.388604,52.5207253],[13.3885802,52.5208643],[13.3887545,52.5208781],[13.3887563,52.5208651],[13.3888371,52.5208707],[13.3888335,52.5208862],[13.3889493,52.5208946],[13.3889504,52.520887],[13.3889563,52.5208879],[13.3889618,52.5208633],[13.3889569,52.5208607],[13.3889558,52.5208536],[13.3889409,52.5208173],[13.3889488,52.5208163],[13.3889433,52.5208129],[13.3889478,52.5207824],[13.3889751,52.5207483],[13.3889795,52.5207401],[13.3889863,52.5207401],[13.3889904,52.520717],[13.3889854,52.5207163],[13.3889873,52.520708],[13.3889954,52.5207086],[13.3890026,52.5206693],[13.3893433,52.5206909],[13.389383,52.5206991],[13.3896805,52.520771],[13.389653,52.5208118],[13.3894776,52.5210739],[13.3893797,52.5212708],[13.3891619,52.5212317],[13.3890057,52.5212041],[13.3890778,52.5209945],[13.389046,52.5209716],[13.3889036,52.5209606],[13.3883246,52.5209166],[13.38835,52.5207913],[13.3883628,52.5207085],[13.3883751,52.5206289]]]},"properties":{"type":"office","height_m":17.5}},{"type":"Feature","geometry":{"type":"Polygon","coordinates":[[[13.3893018,52.5215567],[13.3891028,52.5215461],[13.3891019,52.5215618],[13.3890196,52.5215587],[13.3890228,52.5215421],[13.3887255,52.5215251],[13.3887137,52.5215244],[13.3887051,52.5215982],[13.3886695,52.5218648],[13.3889764,52.5218961],[13.3889766,52.5218791],[13.3890174,52.5218814],[13.3890567,52.5218841],[13.3890534,52.5219043],[13.3892479,52.5219237],[13.3893018,52.5215567]]]},"properties":{"type":"office","height_m":31.5}},{"type":"Feature","geometry":{"type":"Polygon","coordinates":[[[13.3898234,52.5215399],[13.3895825,52.5215292],[13.3895701,52.5216185],[13.3895871,52.5216205],[13.3895651,52.5217622],[13.3895472,52.5218698],[13.3895359,52.521869],[13.3895252,52.5219526],[13.3899926,52.5219678],[13.3903561,52.5219765],[13.3903585,52.5219541],[13.3904875,52.5219582],[13.3905329,52.5219597],[13.3905421,52.5218478],[13.3903682,52.5218431],[13.3903672,52.5218356],[13.3900609,52.5218296],[13.3900626,52.5217838],[13.3900548,52.5217836],[13.3899959,52.5217819],[13.3897721,52.5217757],[13.3897884,52.5216699],[13.389791,52.5216527],[13.3897943,52.5216316],[13.3898105,52.5216324],[13.3898234,52.5215399]]]},"properties":{"type":"yes","height_m":14.0}},{"type":"Feature","geometry":{"type":"Polygon","coordinates":[[[13.3868274,52.5207537],[13.386859,52.5207913],[13.3868422,52.5207984],[13.3868615,52.5208232],[13.3868822,52.5208472],[13.3869374,52.5209114],[13.3869864,52.5209676],[13.3870122,52.5209987],[13.3870243,52.5210127],[13.3870299,52.521017],[13.3870361,52.5210237],[13.3871068,52.5210134],[13.3871392,52.5210062],[13.3871712,52.520998],[13.387191,52.5210208],[13.3872399,52.5210036],[13.3872834,52.520983],[13.3872544,52.520963],[13.3872803,52.520948],[13.3873029,52.5209319],[13.387326,52.520913],[13.387341,52.5208973],[13.3873284,52.5208852],[13.3873179,52.5208774],[13.3873108,52.5208721],[13.3872764,52.5208472],[13.3872097,52.5207985],[13.3871387,52.5207471],[13.3870742,52.5207028],[13.3870591,52.5207097],[13.3870139,52.5206764],[13.3868274,52.5207537]]]},"properties":{"type":"train_station","height_m":7.0}},{"type":"Feature","geometry":{"type":"Polygon","coordinates":[[[13.3888248,52.521381],[13.3889036,52.5209606],[13.3883246,52.5209166],[13.3883165,52.5209161],[13.3882546,52.5213208],[13.3882332,52.5214457],[13.3882054,52.5216079],[13.3881969,52.5216579],[13.388206,52.521678],[13.3882209,52.521711],[13.3882585,52.5217491],[13.3883164,52.5217789],[13.3885493,52.5218415],[13.3886056,52.5218567],[13.388615,52.5218592],[13.3886358,52.5218613],[13.3886695,52.5218648],[13.3887051,52.5215982],[13.3886047,52.5215929],[13.3885958,52.5216545],[13.3885315,52.5216522],[13.3885772,52.5213685],[13.3888248,52.521381]]]},"properties":{"type":"hotel","height_m":31.5}},{"type":"Feature","geometry":{"type":"Polygon","coordinates":[[[13.3893214,52.5214175],[13.3891236,52.5214041],[13.3889657,52.5213943],[13.3889875,52.5213128],[13.3891304,52.5213226],[13.3893291,52.5213368],[13.389327,52.5213815],[13.3893214,52.5214175]]]},"properties":{"type":"yes","height_m":14.0}},{"type":"Feature","geometry":{"type":"Polygon","coordinates":[[[13.3896567,52.5203386],[13.3899542,52.5203594],[13.3899816,52.5202522],[13.3899954,52.5202048],[13.3900081,52.520161],[13.3897351,52.520162],[13.3896567,52.5203386]]]},"properties":{"type":"electricity","height_m":10.5}},{"type":"Feature","geometry":{"type":"Polygon","coordinates":[[[13.3901158,52.5211573],[13.390321,52.5211739],[13.3905201,52.5211894],[13.3905447,52.5210713],[13.3901409,52.5210412],[13.3901074,52.5210873],[13.3900325,52.5210827],[13.3900211,52.5210657],[13.3900322,52.5210596],[13.3900395,52.521051],[13.3900409,52.5210413],[13.3900369,52.5210338],[13.3901779,52.5208283],[13.3904797,52.5208444],[13.3904866,52.5208073],[13.3905938,52.5208155],[13.3906058,52.5207463],[13.390285,52.5207258],[13.3900434,52.5207111],[13.3900069,52.5207241],[13.3899554,52.520803],[13.3897458,52.521129],[13.3899395,52.5211453],[13.3901158,52.5211573]]]},"properties":{"type":"yes","height_m":14.0}},{"type":"Feature","geometry":{"type":"Polygon","coordinates":[[[13.3877119,52.5209896],[13.3877166,52.5209096],[13.3877312,52.5208283],[13.387763,52.5207599],[13.3878031,52.5206931],[13.3879402,52.5206256],[13.3879609,52.5206196],[13.3879694,52.5206179],[13.3879794,52.5206174],[13.3879884,52.5206178],[13.3879966,52.5206194],[13.3880049,52.5206218],[13.3880114,52.5206248],[13.3880167,52.5206288],[13.3880208,52.520633],[13.3880227,52.5206372],[13.3880226,52.5206422],[13.388022,52.5206475],[13.3879979,52.5207321],[13.387971,52.5208312],[13.3879596,52.5208829],[13.3879482,52.5209357],[13.3879403,52.5209811],[13.3879372,52.5209989],[13.3879352,52.5210356],[13.3879267,52.5211439],[13.3879254,52.5212517],[13.3879087,52.521265],[13.3878839,52.5212701],[13.387857,52.5212676],[13.387829,52.5212532],[13.3878095,52.5212429],[13.3878033,52.5212482],[13.3877974,52.5212526],[13.3878021,52.5212578],[13.3878031,52.521265],[13.3877997,52.5212703],[13.3877937,52.5212743],[13.3877833,52.521277],[13.3877689,52.5212764],[13.3877588,52.5212717],[13.3877521,52.5212686],[13.3877414,52.5212739],[13.3877636,52.521294],[13.3877978,52.5213249],[13.3878114,52.5213543],[13.3878128,52.521384],[13.3878171,52.5214209],[13.3877984,52.5214567],[13.3877783,52.52148],[13.3877447,52.5214877],[13.3877092,52.5214763],[13.3876649,52.5214486],[13.3875898,52.5213878],[13.3875281,52.5213262],[13.3874812,52.5212641],[13.387439,52.5211952],[13.3874088,52.5210867],[13.3874048,52.5210095],[13.3874088,52.5209545],[13.3874264,52.52089],[13.3874356,52.5208716],[13.3874648,52.5208622],[13.3874904,52.5208611],[13.3875139,52.5208674],[13.3875551,52.5208965],[13.3875956,52.5209306],[13.3876214,52.5209595],[13.3876218,52.520989],[13.3877119,52.5209896]]]},"properties":{"type":"office","height_m":35.0}},{"type":"Feature","geometry":{"type":"Polygon","coordinates":[[[13.3883543,52.5152545],[13.3883401,52.515342],[13.3883557,52.515343],[13.3884122,52.5153465],[13.3884158,52.5153252],[13.3885308,52.5153325],[13.3885238,52.5153736],[13.3887234,52.5153862],[13.3887188,52.515413],[13.3885192,52.5154004],[13.3884043,52.5153932],[13.3883898,52.5154782],[13.3883862,52.5154992],[13.387949,52.5154716],[13.3878948,52.5154682],[13.3878395,52.5154647],[13.3878431,52.5154437],[13.3878611,52.5153383],[13.3878849,52.5151984],[13.3878862,52.515191],[13.3878974,52.5151249],[13.3882384,52.5151464],[13.3882541,52.5150552],[13.3882729,52.5149459],[13.3882747,52.5149352],[13.3882859,52.5148705],[13.3882895,52.5148492],[13.3882921,52.5148344],[13.3882942,52.5148221],[13.3882973,52.5148038],[13.3883621,52.5148079],[13.3884585,52.514814],[13.3889944,52.5148481],[13.3889611,52.5150417],[13.3889391,52.5150403],[13.3887736,52.5150298],[13.3887636,52.5150877],[13.3887589,52.5151254],[13.388748,52.5151302],[13.3887404,52.5151797],[13.3886484,52.5151727],[13.3886485,52.5151734],[13.3886446,52.5151955],[13.3886396,52.5152233],[13.388727,52.5152296],[13.3887468,52.5152463],[13.3887421,52.5152799],[13.3883543,52.5152545]]]},"properties":{"type":"residential","height_m":21.0}},{"type":"Feature","geometry":{"type":"Polygon","coordinates":[[[13.3883862,52.5154992],[13.3883898,52.5154782],[13.3884043,52.5153932],[13.3885192,52.5154004],[13.3887188,52.515413],[13.3887234,52.5153862],[13.3887404,52.5152927],[13.3889222,52.5153028],[13.3889065,52.5154037],[13.3888897,52.515512],[13.3888474,52.5155266],[13.3883862,52.5154992]]]},"properties":{"type":"residential","height_m":17.5}},{"type":"Feature","geometry":{"type":"Polygon","coordinates":[[[13.3883751,52.5206289],[13.3886182,52.5206423],[13.3890026,52.5206693],[13.3893433,52.5206909],[13.389383,52.5206991],[13.3896805,52.520771],[13.3899091,52.5204461],[13.389938,52.5203905],[13.3899542,52.5203594],[13.3896567,52.5203386],[13.3896332,52.5203687],[13.3896067,52.5204027],[13.389446,52.5203923],[13.3892538,52.5203778],[13.3884296,52.5203258],[13.3884072,52.5204347],[13.3883751,52.5206289]]]},"properties":{"type":"office","height_m":28.0}},{"type":"Feature","geometry":{"type":"Polygon","coordinates":[[[13.3893761,52.519554],[13.3896154,52.5195701],[13.3896857,52.5191786],[13.3894451,52.5191635],[13.3894265,52.5192832],[13.3894052,52.519282],[13.3893852,52.5194205],[13.3893974,52.5194214],[13.3893761,52.519554]]]},"properties":{"type":"office","height_m":10.5}},{"type":"Feature","geometry":{"type":"Polygon","coordinates":[[[13.3879954,52.5172243],[13.3876926,52.5172054],[13.3876639,52.5172036],[13.3875933,52.5176114],[13.3875515,52.5178827],[13.3879037,52.5179055],[13.3879217,52.5177983],[13.3879235,52.5177882],[13.3879155,52.5177877],[13.3879161,52.5177839],[13.3879044,52.5177832],[13.3879073,52.5177664],[13.3877277,52.5177552],[13.3877503,52.5176215],[13.3878134,52.5176255],[13.3878085,52.5176548],[13.3879219,52.5176619],[13.3879262,52.5176367],[13.3879444,52.5175286],[13.3879486,52.5175035],[13.387836,52.5174964],[13.3878319,52.5175211],[13.3877821,52.517518],[13.3878039,52.5173886],[13.387966,52.5173987],[13.387971,52.5173692],[13.3879954,52.5172243]]]},"properties":{"type":"office","height_m":25.0}},{"type":"Feature","geometry":{"type":"Polygon","coordinates":[[[13.3873862,52.5178739],[13.3874456,52.5178771],[13.3874637,52.517878],[13.3875515,52.5178827],[13.3875933,52.5176114],[13.3874311,52.5176021],[13.3874238,52.5176491],[13.3874989,52.5176534],[13.3874808,52.5177705],[13.3874035,52.5177661],[13.3873862,52.5178739]]]},"properties":{"type":"house","height_m":25.0}},{"type":"Feature","geometry":{"type":"Polygon","coordinates":[[[13.3873349,52.5171818],[13.3876639,52.5172036],[13.3875933,52.5176114],[13.3874311,52.5176021],[13.3873102,52.5175919],[13.3873247,52.5175149],[13.3874432,52.5175219],[13.3874689,52.5173735],[13.3874978,52.5173753],[13.3875061,52.5173272],[13.387312,52.517315],[13.3873349,52.5171818]]]},"properties":{"type":"office","height_m":21.0}},{"type":"Feature","geometry":{"type":"Polygon","coordinates":[[[13.3872159,52.5178641],[13.3873592,52.5178723],[13.3873862,52.5178739],[13.3874035,52.5177661],[13.3873236,52.517762],[13.3873142,52.5177553],[13.38733,52.5177484],[13.3873474,52.5176505],[13.3873549,52.5176461],[13.3874238,52.5176491],[13.3874311,52.5176021],[13.3873102,52.5175919],[13.3872629,52.5175894],[13.3872159,52.5178641]]]},"properties":{"type":"house","height_m":25.0}},{"type":"Feature","geometry":{"type":"Polygon","coordinates":[[[13.3883308,52.5172452],[13.3880331,52.5172267],[13.3879954,52.5172243],[13.387971,52.5173692],[13.3880044,52.5173713],[13.3880574,52.5173745],[13.3880306,52.517534],[13.3879759,52.5175306],[13.3879444,52.5175286],[13.3879262,52.5176367],[13.3879559,52.5176386],[13.3880448,52.5176441],[13.3880179,52.5178043],[13.3879397,52.5177994],[13.3879217,52.5177983],[13.3879037,52.5179055],[13.3879184,52.5179068],[13.3881867,52.5179234],[13.3882166,52.5179253],[13.3882927,52.5174722],[13.3883308,52.5172452]]]},"properties":{"type":"office","height_m":25.0}},{"type":"Feature","geometry":{"type":"Polygon","coordinates":[[[13.3768883,52.5225064],[13.3769078,52.5224898],[13.3769375,52.5224644],[13.3769805,52.5224428],[13.3770304,52.5224064],[13.3770089,52.5223988],[13.3770313,52.5223795],[13.3770519,52.522388],[13.3770833,52.5223533],[13.377109,52.5223151],[13.3771525,52.5222731],[13.3768765,52.5222281],[13.3768831,52.5222144],[13.3766712,52.5221806],[13.3766663,52.5221942],[13.3766067,52.5221846],[13.3766028,52.5221916],[13.3765949,52.5221919],[13.3765846,52.5221927],[13.3765737,52.5221972],[13.3765671,52.5222039],[13.3765648,52.5222112],[13.3765653,52.522217],[13.3765693,52.5222218],[13.376558,52.5222262],[13.3765784,52.5222444],[13.3765912,52.5222559],[13.3765764,52.5222633],[13.3767052,52.522373],[13.3767208,52.5223651],[13.3768883,52.5225064]]]},"properties":{"type":"commercial","height_m":28.0}},{"type":"Feature","geometry":{"type":"Polygon","coordinates":[[[13.385166,52.5221226],[13.3853736,52.5221832],[13.3851226,52.5224955],[13.3851272,52.5224968],[13.3851091,52.5225195],[13.3850321,52.5224965],[13.3850502,52.5224739],[13.3849125,52.5224328],[13.3850216,52.5222992],[13.3851423,52.5221516],[13.385166,52.5221226]]]},"properties":{"type":"commercial","height_m":21.0}},{"type":"Feature","geometry":{"type":"Polygon","coordinates":[[[13.3881446,52.5164723],[13.3883111,52.5164821],[13.3883275,52.5163802],[13.3880832,52.5163658],[13.3880659,52.5163649],[13.3880487,52.5163637],[13.3880418,52.5164065],[13.3880764,52.5164086],[13.3880669,52.5164677],[13.3880957,52.5164694],[13.3880883,52.5165157],[13.3881372,52.5165186],[13.3881446,52.5164723]]]},"properties":{"type":"yes","height_m":25.0}},{"type":"Feature","geometry":{"type":"Polygon","coordinates":[[[13.3880961,52.5162854],[13.3880832,52.5163658],[13.3883275,52.5163802],[13.3883648,52.5161473],[13.3881224,52.5161329],[13.3880878,52.5161308],[13.3880634,52.5162834],[13.3880961,52.5162854]]]},"properties":{"type":"hotel","height_m":25.0}},{"type":"Feature","geometry":{"type":"Polygon","coordinates":[[[13.385275,52.5224076],[13.3853125,52.5224188],[13.3853681,52.5223466],[13.3856771,52.5224452],[13.3855369,52.5226191],[13.3852184,52.522525],[13.3851929,52.5225174],[13.385275,52.5224076]]]},"properties":{"type":"civic","height_m":10.5}},{"type":"Feature","geometry":{"type":"Polygon","coordinates":[[[13.3864281,52.5191939],[13.3867589,52.5192147],[13.3867565,52.5192293],[13.3867464,52.5192891],[13.3867386,52.519335],[13.3867323,52.5193721],[13.3866827,52.5196654],[13.386392,52.5196472],[13.3863547,52.5196449],[13.3863552,52.5196422],[13.3863764,52.5195168],[13.386521,52.5195258],[13.386527,52.519525],[13.3865309,52.5195238],[13.3865356,52.5195217],[13.3865397,52.5195187],[13.3865697,52.5193413],[13.3865691,52.5193392],[13.3865668,52.5193364],[13.3865631,52.5193344],[13.3865581,52.5193332],[13.3864061,52.5193237],[13.3864281,52.5191939]]]},"properties":{"type":"commercial","height_m":31.5}},{"type":"Feature","geometry":{"type":"Polygon","coordinates":[[[13.3868509,52.5186915],[13.3868814,52.5186935],[13.3869142,52.5186957],[13.3869161,52.5186851],[13.3869612,52.5186881],[13.3872352,52.5187064],[13.3872333,52.518717],[13.3872438,52.5187177],[13.387209,52.5189164],[13.3871587,52.518913],[13.3871541,52.5189389],[13.3871319,52.5189374],[13.3871251,52.5189756],[13.3871489,52.5189772],[13.3871453,52.5190031],[13.387163,52.5190147],[13.387159,52.5190176],[13.3871563,52.5190366],[13.387147,52.5190504],[13.3871122,52.5190483],[13.387102,52.519105],[13.3871255,52.5191065],[13.3871209,52.5191327],[13.3870974,52.5191312],[13.3870905,52.5191697],[13.3871149,52.5191713],[13.3871106,52.519195],[13.3870863,52.5191934],[13.387071,52.5192789],[13.3871111,52.5192815],[13.3871099,52.5192897],[13.3871197,52.5192902],[13.3871162,52.5193145],[13.3871064,52.519314],[13.3870993,52.519321],[13.3870903,52.5193252],[13.3870762,52.5193273],[13.3870623,52.5193277],[13.3870507,52.519393],[13.3867323,52.5193721],[13.3867386,52.519335],[13.3868145,52.5193397],[13.3868223,52.5192938],[13.3867464,52.5192891],[13.3867565,52.5192293],[13.3868539,52.5192367],[13.3868824,52.519079],[13.3867842,52.5190729],[13.3868369,52.5187738],[13.3868509,52.5186915]]]},"properties":{"type":"commercial","height_m":24.5}},{"type":"Feature","geometry":{"type":"Polygon","coordinates":[[[13.3860574,52.5216973],[13.3862156,52.5216013],[13.3863087,52.521659],[13.3864019,52.5217167],[13.386401,52.5217485],[13.3861819,52.5218762],[13.3861404,52.5219004],[13.3859756,52.521822],[13.3860098,52.5218025],[13.3861014,52.5217503],[13.3861232,52.5217378],[13.3860574,52.5216973]]]},"properties":{"type":"apartments","height_m":21.0}},{"type":"Feature","geometry":{"type":"Polygon","coordinates":[[[13.3858825,52.5215793],[13.3858889,52.521575],[13.3858214,52.5215309],[13.3857942,52.5215464],[13.385801,52.5215507],[13.385766,52.5215678],[13.3857966,52.5215857],[13.3857505,52.5216448],[13.3857295,52.5216399],[13.3857121,52.5216564],[13.3856403,52.5216202],[13.3856937,52.5215556],[13.3857375,52.5215026],[13.3857786,52.521453],[13.3858454,52.5213721],[13.3862156,52.5216013],[13.3860574,52.5216973],[13.386036,52.5217103],[13.3859398,52.5217687],[13.3859374,52.5217701],[13.3858714,52.5217368],[13.3858932,52.521722],[13.3858872,52.5217184],[13.3860009,52.5216506],[13.3859344,52.5216067],[13.3859273,52.5216094],[13.3858825,52.5215793]]]},"properties":{"type":"residential","height_m":21.0}},{"type":"Feature","geometry":{"type":"Polygon","coordinates":[[[13.3841364,52.5220546],[13.3842249,52.5220673],[13.3842592,52.5220491],[13.3842974,52.521992],[13.3843326,52.5219392],[13.3845116,52.5219795],[13.3844509,52.5220731],[13.3843836,52.5221769],[13.3843715,52.5221955],[13.3841638,52.5221696],[13.3839408,52.5221419],[13.3838025,52.5221247],[13.3838493,52.5219914],[13.3839417,52.5220037],[13.3839371,52.5220172],[13.3839503,52.5220297],[13.3839887,52.5220349],[13.3839929,52.5220257],[13.3840407,52.5220313],[13.3840388,52.5220364],[13.3841383,52.5220498],[13.3841364,52.5220546]]]},"properties":{"type":"hotel","height_m":17.5}},{"type":"Feature","geometry":{"type":"Polygon","coordinates":[[[13.38362,52.5221022],[13.3836523,52.5220041],[13.3837564,52.5220178],[13.3837866,52.5219271],[13.383868,52.5219382],[13.3838493,52.5219914],[13.3838025,52.5221247],[13.38362,52.5221022]]]},"properties":{"type":"apartments","height_m":14.0}},{"type":"Feature","geometry":{"type":"Polygon","coordinates":[[[13.3833679,52.5220711],[13.3834018,52.5219712],[13.3834788,52.5219813],[13.3835955,52.5219966],[13.3836523,52.5220041],[13.38362,52.5221022],[13.3835102,52.5220887],[13.3833679,52.5220711]]]},"properties":{"type":"apartments","height_m":14.0}},{"type":"Feature","geometry":{"type":"Polygon","coordinates":[[[13.3849936,52.5219559],[13.385,52.5219575],[13.384981,52.5219892],[13.3849735,52.5219871],[13.3849515,52.5220202],[13.3849691,52.5220338],[13.3849768,52.5220354],[13.3849811,52.5220288],[13.3849984,52.522024],[13.3850007,52.5220199],[13.3851171,52.5220486],[13.385125,52.5220386],[13.3851684,52.5220508],[13.3851517,52.5220773],[13.3851946,52.5220877],[13.385166,52.5221226],[13.3851423,52.5221516],[13.384983,52.5220904],[13.3849207,52.5220745],[13.3847033,52.522019],[13.3847281,52.5219787],[13.3847439,52.5219822],[13.3847464,52.5219785],[13.3847662,52.5219824],[13.3848401,52.5218742],[13.3848229,52.5218701],[13.3848255,52.5218662],[13.3848064,52.5218616],[13.3848327,52.5218209],[13.3848713,52.5218304],[13.3853659,52.521952],[13.3853148,52.5220138],[13.3852665,52.5219998],[13.3852576,52.521998],[13.3852682,52.5219814],[13.3852196,52.5219696],[13.3852022,52.5219947],[13.3851617,52.5219831],[13.3851682,52.5219747],[13.3850473,52.5219444],[13.3850522,52.5219371],[13.3850481,52.5219295],[13.3850523,52.5219231],[13.3850437,52.5219213],[13.3850141,52.5219244],[13.3849936,52.5219559]]]},"properties":{"type":"apartments","height_m":21.0}},{"type":"Feature","geometry":{"type":"Polygon","coordinates":[[[13.3852817,52.5218733],[13.3854064,52.5219031],[13.3853659,52.521952],[13.3848713,52.5218304],[13.3849394,52.5217227],[13.3850075,52.521615],[13.3855359,52.5217464],[13.3854929,52.5217985],[13.3853526,52.5217671],[13.3853378,52.521789],[13.3852929,52.5217779],[13.3852986,52.5217708],[13.3851788,52.5217373],[13.385183,52.5217321],[13.3851793,52.5217211],[13.3851827,52.5217155],[13.3851456,52.5217192],[13.3851255,52.5217495],[13.3851307,52.521753],[13.3851106,52.5217843],[13.3851009,52.5217847],[13.3850804,52.5218173],[13.3851013,52.5218377],[13.3851062,52.5218382],[13.3851126,52.5218277],[13.3851238,52.5218248],[13.3851273,52.5218181],[13.3852493,52.5218478],[13.385255,52.5218379],[13.3852973,52.5218491],[13.3852817,52.5218733]]]},"properties":{"type":"apartments","height_m":21.0}},{"type":"Feature","geometry":{"type":"Polygon","coordinates":[[[13.3827035,52.5216299],[13.3828482,52.5216523],[13.3828572,52.5216548],[13.382899,52.5216625],[13.3828762,52.5217223],[13.3828459,52.5217182],[13.3828331,52.5217165],[13.3828247,52.5217154],[13.3828007,52.5217121],[13.3827956,52.5217113],[13.3827583,52.5217051],[13.3827531,52.5217043],[13.3826797,52.5216925],[13.3826843,52.5216784],[13.3827035,52.5216299]]]},"properties":{"type":"commercial","height_m":22.0}},{"type":"Feature","geometry":{"type":"Polygon","coordinates":[[[13.3830588,52.5217643],[13.3828722,52.5217336],[13.3828762,52.5217223],[13.382899,52.5216625],[13.3831628,52.5217044],[13.38313,52.5218046],[13.3830485,52.5217937],[13.3830588,52.5217643]]]},"properties":{"type":"commercial","height_m":20.0}},{"type":"Feature","geometry":{"type":"Polygon","coordinates":[[[13.3833658,52.5217392],[13.3832913,52.5217271],[13.3831628,52.5217044],[13.3831877,52.5216458],[13.3833148,52.521666],[13.3833752,52.5216758],[13.3833801,52.5216648],[13.3835057,52.5216853],[13.3834901,52.5217207],[13.3834742,52.5217569],[13.3833658,52.5217392]]]},"properties":{"type":"apartments","height_m":14.0}},{"type":"Feature","geometry":{"type":"Polygon","coordinates":[[[13.3834742,52.5217569],[13.3834018,52.5219712],[13.3833679,52.5220711],[13.3832091,52.5220514],[13.3831869,52.5220487],[13.3830503,52.5220318],[13.3830831,52.5219349],[13.3831901,52.5219481],[13.3831915,52.521939],[13.3832052,52.5219407],[13.3832239,52.521945],[13.3832315,52.5219467],[13.3832551,52.5219559],[13.383291,52.5219605],[13.383307,52.5219108],[13.3832954,52.5219092],[13.3833204,52.5218341],[13.3833422,52.5217698],[13.3833514,52.5217707],[13.3833658,52.5217392],[13.3834742,52.5217569]]]},"properties":{"type":"apartments","height_m":21.0}},{"type":"Feature","geometry":{"type":"Polygon","coordinates":[[[13.3825672,52.5217475],[13.3825945,52.5216664],[13.3826843,52.5216784],[13.3826797,52.5216925],[13.3826707,52.5217204],[13.3826508,52.5217818],[13.3825885,52.5219741],[13.3824537,52.5219573],[13.3823188,52.5219405],[13.3823861,52.5217336],[13.3824758,52.521745],[13.3824524,52.5218153],[13.3824407,52.5218502],[13.3825359,52.5218624],[13.3825427,52.5218417],[13.3825334,52.5218404],[13.382541,52.5218378],[13.3825705,52.521748],[13.3825672,52.5217475]]]},"properties":{"type":"apartments","height_m":10.5}},{"type":"Feature","geometry":{"type":"Polygon","coordinates":[[[13.3830107,52.5219254],[13.3830831,52.5219349],[13.3830503,52.5220318],[13.3829173,52.5220152],[13.3827843,52.5219986],[13.3828171,52.5219],[13.3829819,52.5219216],[13.3829865,52.5219083],[13.3830153,52.5219121],[13.3830107,52.5219254]]]},"properties":{"type":"apartments","height_m":14.0}},{"type":"Feature","geometry":{"type":"Polygon","coordinates":[[[13.3828557,52.5215902],[13.3830827,52.5216286],[13.3830971,52.5215994],[13.3831695,52.5216114],[13.3831789,52.5215923],[13.3832086,52.5215965],[13.383207,52.5216006],[13.383197,52.5216241],[13.3831877,52.5216458],[13.3831628,52.5217044],[13.382899,52.5216625],[13.3828572,52.5216548],[13.3828482,52.5216523],[13.3827035,52.5216299],[13.3827341,52.5215592],[13.3828604,52.5215792],[13.3828557,52.5215902]]]},"properties":{"type":"apartments","height_m":15.0}},{"type":"Feature","geometry":{"type":"Polygon","coordinates":[[[13.3825885,52.5219741],[13.3826508,52.5217818],[13.3826707,52.5217204],[13.382686,52.5217223],[13.382702,52.5217244],[13.3827441,52.5217298],[13.3827498,52.5217305],[13.3827594,52.5217324],[13.3827533,52.521751],[13.3827489,52.5217643],[13.3827443,52.5217783],[13.3827413,52.5217875],[13.3827474,52.5217887],[13.3827422,52.5218076],[13.3827398,52.5218164],[13.3827336,52.5218157],[13.3827281,52.521834],[13.3827182,52.5218331],[13.3827085,52.5218587],[13.3826997,52.521858],[13.3826908,52.5218834],[13.3827898,52.5218949],[13.3828171,52.5219],[13.3827843,52.5219986],[13.3827546,52.5219961],[13.3825885,52.5219741]]]},"properties":{"type":"apartments","height_m":14.0}},{"type":"Feature","geometry":{"type":"Polygon","coordinates":[[[13.3821264,52.5217891],[13.3821085,52.5217864],[13.382124,52.5217407],[13.3821853,52.5215568],[13.3821864,52.5215547],[13.3822727,52.5215684],[13.3821902,52.5218072],[13.3821982,52.5218217],[13.3822232,52.5218246],[13.3822234,52.5218182],[13.3822804,52.5218257],[13.3822913,52.5218169],[13.3822777,52.5218091],[13.3823511,52.5215808],[13.3824317,52.5215935],[13.382418,52.5216357],[13.3823861,52.5217336],[13.3823188,52.5219405],[13.3822226,52.5219285],[13.3820865,52.5219117],[13.3821264,52.5217891]]]},"properties":{"type":"apartments","height_m":17.5}},{"type":"Feature","geometry":{"type":"Polygon","coordinates":[[[13.381787,52.5218746],[13.3818199,52.5217744],[13.3818273,52.521752],[13.3819084,52.5217624],[13.3819001,52.5217842],[13.3819439,52.5217899],[13.3819465,52.5217829],[13.3820007,52.5217899],[13.3819982,52.521797],[13.3820297,52.5218011],[13.3820364,52.5217822],[13.3821085,52.5217864],[13.3821264,52.5217891],[13.3820865,52.5219117],[13.3819368,52.5218931],[13.381787,52.5218746]]]},"properties":{"type":"apartments","height_m":17.5}},{"type":"Feature","geometry":{"type":"Polygon","coordinates":[[[13.381325,52.5218172],[13.3813546,52.5217169],[13.381513,52.5217367],[13.3815137,52.5218407],[13.3813492,52.5218192],[13.381325,52.5218172]]]},"properties":{"type":"apartments","height_m":14.0}},{"type":"Feature","geometry":{"type":"Polygon","coordinates":[[[13.3811752,52.5217986],[13.3812061,52.5216985],[13.3813546,52.5217169],[13.381325,52.5218172],[13.381301,52.521814],[13.3811752,52.5217986]]]},"properties":{"type":"apartments","height_m":14.0}},{"type":"Feature","geometry":{"type":"Polygon","coordinates":[[[13.3810046,52.5216734],[13.3812061,52.5216985],[13.3811752,52.5217986],[13.3810199,52.5217793],[13.3809896,52.5217755],[13.3810046,52.5216734]]]},"properties":{"type":"apartments","height_m":17.5}},{"type":"Feature","geometry":{"type":"Polygon","coordinates":[[[13.3808058,52.5217526],[13.3808379,52.5216529],[13.3810046,52.5216734],[13.3809896,52.5217755],[13.3809585,52.5217714],[13.3808058,52.5217526]]]},"properties":{"type":"apartments","height_m":17.5}},{"type":"Feature","geometry":{"type":"Polygon","coordinates":[[[13.3805541,52.5217213],[13.3805709,52.5216199],[13.3808379,52.5216529],[13.3808058,52.5217526],[13.38068,52.5217369],[13.3805541,52.5217213]]]},"properties":{"type":"apartments","height_m":21.0}},{"type":"Feature","geometry":{"type":"Polygon","coordinates":[[[13.3801899,52.5214683],[13.3801668,52.5215898],[13.3802442,52.5215998],[13.3802445,52.5215991],[13.3803841,52.5216169],[13.3804798,52.5216291],[13.3804874,52.5216048],[13.3805717,52.5216151],[13.3805709,52.5216199],[13.3805541,52.5217213],[13.3802471,52.5216831],[13.3801999,52.5216772],[13.3799368,52.5216444],[13.3799517,52.5215665],[13.3799665,52.5214886],[13.3801226,52.5214734],[13.3801899,52.5214683]]]},"properties":{"type":"apartments","height_m":14.0}},{"type":"Feature","geometry":{"type":"Polygon","coordinates":[[[13.381513,52.5217367],[13.3818199,52.5217744],[13.381787,52.5218746],[13.3816503,52.5218577],[13.3815137,52.5218407],[13.381513,52.5217367]]]},"properties":{"type":"apartments","height_m":21.0}},{"type":"Feature","geometry":{"type":"Polygon","coordinates":[[[13.3783908,52.522292],[13.3784373,52.5222993],[13.3784303,52.5223159],[13.3784643,52.5223213],[13.3785031,52.5223274],[13.3785104,52.5223103],[13.3785947,52.5223235],[13.3786724,52.5221402],[13.3786934,52.5220908],[13.3787266,52.522096],[13.3787438,52.5220554],[13.3787022,52.5220489],[13.3787192,52.5220088],[13.3786366,52.5219958],[13.3786288,52.5220142],[13.3786242,52.5220134],[13.3785619,52.5221604],[13.3784706,52.5221461],[13.3784748,52.5221361],[13.3784592,52.5221337],[13.3784356,52.5221893],[13.3784878,52.5221975],[13.3784757,52.522226],[13.3784223,52.5222176],[13.3783908,52.522292]]]},"properties":{"type":"apartments","height_m":10.5}},{"type":"Feature","geometry":{"type":"Polygon","coordinates":[[[13.3772797,52.5227158],[13.3773548,52.5226656],[13.3774591,52.5225859],[13.377553,52.5225014],[13.3776095,52.5224427],[13.3776608,52.5223823],[13.3776951,52.5223879],[13.377712,52.5223906],[13.3777412,52.5223953],[13.377761,52.5223695],[13.3779177,52.5223949],[13.3779773,52.5224045],[13.3779345,52.5225032],[13.3778916,52.5224963],[13.3778078,52.5225869],[13.3778686,52.5226112],[13.3778669,52.5226127],[13.3777794,52.5226938],[13.3777777,52.5226954],[13.3777166,52.522671],[13.3776152,52.5227516],[13.3775352,52.5228086],[13.3775603,52.5228306],[13.3774236,52.5228892],[13.3773896,52.5228597],[13.3772951,52.5227777],[13.3773276,52.5227573],[13.3773075,52.5227399],[13.3772797,52.5227158]]]},"properties":{"type":"commercial","height_m":24.5}},{"type":"Feature","geometry":{"type":"Polygon","coordinates":[[[13.379158,52.521764],[13.3789416,52.5217507],[13.3788764,52.5217467],[13.378876,52.5217495],[13.3788875,52.5217502],[13.3788857,52.5217609],[13.3788558,52.5217591],[13.3788258,52.5219399],[13.3788596,52.521942],[13.3788578,52.5219529],[13.3788468,52.5219522],[13.3788463,52.5219549],[13.379124,52.5219719],[13.3791335,52.5219214],[13.3791288,52.5219211],[13.3791282,52.5219243],[13.3791141,52.5219232],[13.3791291,52.5218121],[13.3791441,52.5218129],[13.3791437,52.5218161],[13.379149,52.5218165],[13.379158,52.521764]]]},"properties":{"type":"apartments","height_m":25.0}},{"type":"Feature","geometry":{"type":"Polygon","coordinates":[[[13.3781977,52.5220638],[13.3781192,52.5222488],[13.3781912,52.5222602],[13.3781856,52.5222736],[13.3782212,52.5222792],[13.3782575,52.5222849],[13.3782629,52.5222719],[13.3783908,52.522292],[13.3784223,52.5222176],[13.3783746,52.5222102],[13.3783867,52.5221816],[13.3784356,52.5221893],[13.3784592,52.5221337],[13.3783629,52.5221186],[13.37836,52.5221255],[13.378267,52.5221109],[13.3782814,52.5220769],[13.3781977,52.5220638]]]},"properties":{"type":"apartments","height_m":10.5}},{"type":"Feature","geometry":{"type":"Polygon","coordinates":[[[13.3786724,52.5221402],[13.3787053,52.5221448],[13.3787266,52.522096],[13.3787438,52.5220554],[13.3787479,52.5220115],[13.378759,52.5219508],[13.3787962,52.5219525],[13.3788463,52.5219549],[13.379124,52.5219719],[13.3796001,52.5220033],[13.3796021,52.5220225],[13.3795793,52.5221344],[13.3795755,52.5221533],[13.3793189,52.5221363],[13.3790229,52.5221162],[13.3790119,52.5221849],[13.3791226,52.522209],[13.3791022,52.5222588],[13.3790772,52.5223128],[13.3790442,52.5223981],[13.3788999,52.5223742],[13.3787093,52.5223425],[13.3786293,52.5223292],[13.3785947,52.5223235],[13.3786724,52.5221402]]]},"properties":{"type":"apartments","height_m":24.5}},{"type":"Feature","geometry":{"type":"Polygon","coordinates":[[[13.3805111,52.5221773],[13.380551,52.522057],[13.3804673,52.5220519],[13.3803462,52.5220367],[13.3798743,52.5220089],[13.3798654,52.5220748],[13.3798564,52.5221208],[13.3798539,52.5221337],[13.3800367,52.5221448],[13.3800429,52.522084],[13.3804437,52.5221091],[13.3804213,52.5221708],[13.3805111,52.5221773]]]},"properties":{"type":"apartments","height_m":17.5}},{"type":"Feature","geometry":{"type":"Polygon","coordinates":[[[13.3796353,52.5217927],[13.3796565,52.5216817],[13.3796719,52.5215774],[13.3796516,52.5215762],[13.379481,52.5215662],[13.3792105,52.5216275],[13.3792092,52.5216358],[13.3792083,52.5216439],[13.3792895,52.5216485],[13.3792902,52.5216445],[13.3794231,52.5216543],[13.3794244,52.5216455],[13.3794703,52.5216478],[13.3794567,52.5217266],[13.3791636,52.5217092],[13.379158,52.521764],[13.3796353,52.5217927]]]},"properties":{"type":"apartments","height_m":10.5}},{"type":"Feature","geometry":{"type":"Polygon","coordinates":[[[13.3790442,52.5223981],[13.3792636,52.5224343],[13.3794163,52.5222956],[13.3792792,52.5222403],[13.3791777,52.522329],[13.3790772,52.5223128],[13.3790442,52.5223981]]]},"properties":{"type":"office","height_m":14.0}},{"type":"Feature","geometry":{"type":"Polygon","coordinates":[[[13.3791335,52.5219214],[13.3794287,52.5219399],[13.3794453,52.5218345],[13.379149,52.5218165],[13.379158,52.521764],[13.3796353,52.5217927],[13.3796177,52.5218982],[13.3796001,52.5220033],[13.379124,52.5219719],[13.3791335,52.5219214]]]},"properties":{"type":"apartments","height_m":10.5}},{"type":"Feature","geometry":{"type":"Polygon","coordinates":[[[13.3787479,52.5220115],[13.378759,52.5219508],[13.3784833,52.5219313],[13.3783363,52.5219214],[13.3782779,52.5219482],[13.3782316,52.5219708],[13.3781977,52.5220638],[13.3782814,52.5220769],[13.3783153,52.5220083],[13.3783088,52.5220063],[13.3783209,52.5219802],[13.3784039,52.5219827],[13.3784805,52.5219955],[13.3784814,52.5219895],[13.3785796,52.5219956],[13.3785812,52.5219899],[13.3786366,52.5219958],[13.3787192,52.5220088],[13.3787479,52.5220115]]]},"properties":{"type":"apartments","height_m":25.0}},{"type":"Feature","geometry":{"type":"Polygon","coordinates":[[[13.3779345,52.5225032],[13.3779773,52.5224045],[13.3780108,52.5224092],[13.3780486,52.5224154],[13.3781053,52.5224248],[13.3781459,52.522432],[13.3783357,52.5224624],[13.378292,52.5225582],[13.3782908,52.5225609],[13.3779345,52.5225032]]]},"properties":{"type":"apartments","height_m":24.5}},{"type":"Feature","geometry":{"type":"Polygon","coordinates":[[[13.3788443,52.5226327],[13.3788372,52.5226201],[13.3788162,52.5226269],[13.3787207,52.5226106],[13.3787158,52.5226133],[13.3786803,52.5226061],[13.3786494,52.522619],[13.3786346,52.5226477],[13.3785659,52.5226295],[13.3784608,52.5226017],[13.3785374,52.5224952],[13.3788209,52.522541],[13.3789544,52.5225625],[13.3790713,52.5225814],[13.3790804,52.5225785],[13.3790936,52.5225803],[13.3790993,52.522592],[13.3790899,52.522598],[13.379082,52.5225997],[13.3789986,52.5226756],[13.378926,52.5227425],[13.3787937,52.5226897],[13.3787851,52.5226874],[13.3788443,52.5226327]]]},"properties":{"type":"apartments","height_m":17.5}},{"type":"Feature","geometry":{"type":"Polygon","coordinates":[[[13.378292,52.5225582],[13.3783357,52.5224624],[13.3785374,52.5224952],[13.3784608,52.5226017],[13.378383,52.5227098],[13.3783129,52.5226826],[13.3783122,52.5226823],[13.3783727,52.5225987],[13.3783632,52.5225947],[13.3783729,52.5225864],[13.3783769,52.5225838],[13.378385,52.522582],[13.378383,52.522573],[13.378292,52.5225582]]]},"properties":{"type":"apartments","height_m":21.0}},{"type":"Feature","geometry":{"type":"Polygon","coordinates":[[[13.3845229,52.5222244],[13.3845477,52.5222303],[13.3845785,52.5221829],[13.3847382,52.5222235],[13.3847079,52.5222687],[13.3846597,52.5223405],[13.3846267,52.5223897],[13.384614,52.5223866],[13.3844692,52.5223506],[13.3845175,52.5222765],[13.3845253,52.5222645],[13.3845003,52.5222593],[13.3845229,52.5222244]]]},"properties":{"type":"residential","height_m":14.0}},{"type":"Feature","geometry":{"type":"Polygon","coordinates":[[[13.3844692,52.5223506],[13.384614,52.5223866],[13.3845817,52.5224332],[13.3845663,52.5224555],[13.3845349,52.522501],[13.3843938,52.5224663],[13.3844237,52.5224204],[13.3844692,52.5223506]]]},"properties":{"type":"residential","height_m":10.5}},{"type":"Feature","geometry":{"type":"Polygon","coordinates":[[[13.3846267,52.5223897],[13.3846597,52.5223405],[13.3848133,52.5223793],[13.3848084,52.5223868],[13.3848387,52.5223952],[13.3848101,52.5224352],[13.3846267,52.5223897]]]},"properties":{"type":"residential","height_m":17.5}},{"type":"Feature","geometry":{"type":"Polygon","coordinates":[[[13.3842156,52.5224363],[13.3841317,52.5225688],[13.3839612,52.5225268],[13.384034,52.5224131],[13.3842156,52.5224363]]]},"properties":{"type":"apartments","height_m":10.5}},{"type":"Feature","geometry":{"type":"Polygon","coordinates":[[[13.3838782,52.5222756],[13.3842854,52.5223275],[13.3842156,52.5224363],[13.384034,52.5224131],[13.3839166,52.5223988],[13.3838871,52.5224688],[13.383818,52.5224593],[13.3838782,52.5222756]]]},"properties":{"type":"apartments","height_m":14.0}},{"type":"Feature","geometry":{"type":"Polygon","coordinates":[[[13.3810617,52.5227241],[13.3812161,52.5227481],[13.3815351,52.5228006],[13.3816608,52.5228207],[13.3816722,52.522791],[13.3817467,52.5226207],[13.3817674,52.5225735],[13.3817968,52.5225027],[13.3816307,52.5224767],[13.3815446,52.5226742],[13.38128,52.5226313],[13.3813668,52.5224334],[13.3811984,52.5224041],[13.3811652,52.522479],[13.3810985,52.5226381],[13.3810617,52.5227241]]]},"properties":{"type":"apartments","height_m":21.0}},{"type":"Feature","geometry":{"type":"Polygon","coordinates":[[[13.3872676,52.522313],[13.3872716,52.5223086],[13.3872775,52.522305],[13.3872843,52.5223021],[13.3872881,52.5223011],[13.3872919,52.5223001],[13.3873,52.522299],[13.3873083,52.5222988],[13.3873165,52.5222996],[13.3873243,52.5223013],[13.3873314,52.5223039],[13.3874825,52.5223993],[13.3876679,52.5225163],[13.3876709,52.5225197],[13.3876729,52.5225234],[13.3876739,52.5225273],[13.3876279,52.5227947],[13.3876035,52.5229363],[13.387595,52.5229861],[13.3875667,52.5229838],[13.3873837,52.5229726],[13.3873661,52.5229715],[13.387369,52.5229582],[13.3870769,52.5228594],[13.3871207,52.5228125],[13.3869276,52.5227303],[13.3869032,52.5227199],[13.3869002,52.5227186],[13.3869727,52.5226385],[13.3870189,52.5225876],[13.3872676,52.522313]]]},"properties":{"type":"office","height_m":31.5}},{"type":"Feature","geometry":{"type":"Polygon","coordinates":[[[13.3807666,52.5224683],[13.3808596,52.5224829],[13.3808452,52.5225178],[13.3810425,52.5225498],[13.380974,52.5227104],[13.3808368,52.5226889],[13.3807627,52.5226786],[13.3806833,52.5226634],[13.3807666,52.5224683]]]},"properties":{"type":"apartments","height_m":21.0}},{"type":"Feature","geometry":{"type":"Polygon","coordinates":[[[13.3826108,52.5223513],[13.382694,52.5223611],[13.3827686,52.5221383],[13.3825971,52.5221168],[13.3824206,52.5220947],[13.3823837,52.5222013],[13.3826778,52.5222393],[13.3826674,52.5222709],[13.3826406,52.5222672],[13.3826108,52.5223513]]]},"properties":{"type":"apartments","height_m":14.0}},{"type":"Feature","geometry":{"type":"Polygon","coordinates":[[[13.3822778,52.5223116],[13.3822767,52.52232],[13.3822534,52.5223155],[13.3822428,52.5223201],[13.382229,52.5223089],[13.3822706,52.5222909],[13.3822814,52.5222555],[13.3823111,52.522254],[13.3823214,52.5222318],[13.3823135,52.5222288],[13.3823216,52.52221],[13.3822905,52.5222054],[13.382286,52.5222187],[13.3822748,52.5222172],[13.3822791,52.522204],[13.3822923,52.5221965],[13.3823255,52.5222008],[13.3823819,52.5222078],[13.3823837,52.5222013],[13.3824206,52.5220947],[13.3823933,52.5220913],[13.38234,52.5220846],[13.3822722,52.522076],[13.3821477,52.5224606],[13.3822117,52.5224705],[13.3822285,52.5224281],[13.3822203,52.5224236],[13.3822336,52.522415],[13.3822477,52.5224164],[13.3822435,52.5224274],[13.3823051,52.5224353],[13.3823438,52.5223204],[13.3822778,52.5223116]]]},"properties":{"type":"apartments","height_m":14.0}},{"type":"Feature","geometry":{"type":"Polygon","coordinates":[[[13.3810383,52.5219238],[13.3809105,52.5219075],[13.3807794,52.5218912],[13.3807444,52.5220015],[13.3807071,52.52211],[13.3806704,52.5222211],[13.3807434,52.5222337],[13.3808217,52.52201],[13.3809984,52.5220335],[13.3810383,52.5219238]]]},"properties":{"type":"apartments","height_m":14.0}},{"type":"Feature","geometry":{"type":"Polygon","coordinates":[[[13.3815807,52.5219905],[13.3814577,52.5219753],[13.3812893,52.5219545],[13.3812508,52.5220668],[13.3811947,52.5222305],[13.3812725,52.5222415],[13.381336,52.522072],[13.3814601,52.522088],[13.3814227,52.5222049],[13.381505,52.5222153],[13.3815098,52.5222033],[13.3815807,52.5219905]]]},"properties":{"type":"apartments","height_m":10.5}},{"type":"Feature","geometry":{"type":"Polygon","coordinates":[[[13.3806038,52.5218689],[13.380551,52.522057],[13.3805111,52.5221773],[13.3805037,52.5221939],[13.3806704,52.5222211],[13.3807071,52.52211],[13.380629,52.522101],[13.3806665,52.5219912],[13.3807444,52.5220015],[13.3807794,52.5218912],[13.3806251,52.5218716],[13.3806038,52.5218689]]]},"properties":{"type":"apartments","height_m":17.5}},{"type":"Feature","geometry":{"type":"Polygon","coordinates":[[[13.3901748,52.5184801],[13.390219,52.5182241],[13.3899684,52.5182067],[13.3897601,52.5181945],[13.3897106,52.5181916],[13.3896664,52.5184476],[13.3901748,52.5184801]]]},"properties":{"type":"yes","height_m":25.0}},{"type":"Feature","geometry":{"type":"Polygon","coordinates":[[[13.390346,52.518491],[13.3903399,52.5185199],[13.3903278,52.5185963],[13.390302,52.518746],[13.3897955,52.5187136],[13.3898231,52.5185537],[13.3898252,52.5185495],[13.3900233,52.5185636],[13.3900556,52.5185812],[13.3900437,52.5186449],[13.3901456,52.5186516],[13.3901748,52.5184801],[13.390346,52.518491]]]},"properties":{"type":"office","height_m":24.5}},{"type":"Feature","geometry":{"type":"Polygon","coordinates":[[[13.3897106,52.5181916],[13.3896278,52.5181863],[13.3894539,52.5181752],[13.3893789,52.5181704],[13.3893347,52.5184263],[13.3896664,52.5184476],[13.3897106,52.5181916]]]},"properties":{"type":"yes","height_m":25.0}},{"type":"Feature","geometry":{"type":"Polygon","coordinates":[[[13.3897955,52.5187136],[13.3896223,52.5187025],[13.3896499,52.5185426],[13.3898231,52.5185537],[13.3897955,52.5187136]]]},"properties":{"type":"office","height_m":14.0}},{"type":"Feature","geometry":{"type":"Polygon","coordinates":[[[13.3799328,52.5151299],[13.3794111,52.5150933],[13.3794349,52.5149604],[13.3794375,52.5149459],[13.3794401,52.5149314],[13.3794427,52.5149169],[13.3799663,52.5149514],[13.3799346,52.51512],[13.3799328,52.5151299]]]},"properties":{"type":"hotel","height_m":25.0}},{"type":"Feature","geometry":{"type":"Polygon","coordinates":[[[13.3777308,52.5167243],[13.3777124,52.5168218],[13.3779196,52.516835],[13.3779438,52.5167095],[13.3779657,52.5165856],[13.3777595,52.5165722],[13.3777589,52.5165754],[13.377741,52.5166703],[13.3777052,52.5166677],[13.3777026,52.5166812],[13.3777,52.5166947],[13.3776974,52.5167082],[13.3776948,52.5167217],[13.3777308,52.5167243]]]},"properties":{"type":"government","height_m":14.0}},{"type":"Feature","geometry":{"type":"Polygon","coordinates":[[[13.3843432,52.5225439],[13.3843834,52.5224823],[13.3843938,52.5224663],[13.3845349,52.522501],[13.3845597,52.5225071],[13.3845427,52.5225324],[13.3845588,52.5225386],[13.3845387,52.5225619],[13.3845297,52.5225651],[13.3845405,52.5225747],[13.384551,52.5225775],[13.3845552,52.52257],[13.3845702,52.5225689],[13.384666,52.5225929],[13.3846819,52.522577],[13.3847758,52.5226042],[13.3847426,52.5226394],[13.3847249,52.5226582],[13.3846222,52.5226274],[13.3844915,52.5225883],[13.3843432,52.5225439]]]},"properties":{"type":"commercial","height_m":10.5}},{"type":"Feature","geometry":{"type":"Polygon","coordinates":[[[13.3845817,52.5224332],[13.384614,52.5223866],[13.3846267,52.5223897],[13.3848101,52.5224352],[13.3848937,52.5224559],[13.3848883,52.5224625],[13.3848079,52.522568],[13.3847165,52.5225456],[13.3847389,52.5225149],[13.3847159,52.5224819],[13.3847398,52.522447],[13.3847151,52.5224408],[13.3847001,52.5224632],[13.3845817,52.5224332]]]},"properties":{"type":"residential","height_m":21.0}},{"type":"Feature","geometry":{"type":"Polygon","coordinates":[[[13.3841719,52.5214184],[13.3842578,52.5212712],[13.3843528,52.5212916],[13.384351,52.5212941],[13.3843489,52.5212939],[13.3843778,52.5213003],[13.3843584,52.5213332],[13.3843337,52.5213282],[13.3843047,52.5213848],[13.3843468,52.5213911],[13.3844021,52.5213752],[13.3844138,52.5213888],[13.3843863,52.5213978],[13.3843868,52.5213987],[13.3846087,52.5214463],[13.3845749,52.5215039],[13.3841719,52.5214184]]]},"properties":{"type":"apartments","height_m":17.5}},{"type":"Feature","geometry":{"type":"Polygon","coordinates":[[[13.3839697,52.5218974],[13.383982,52.5218604],[13.3843326,52.5219392],[13.3842974,52.521992],[13.3840711,52.5219528],[13.3840612,52.5219511],[13.3840623,52.5219479],[13.3839651,52.5219352],[13.3839417,52.5220037],[13.3838493,52.5219914],[13.383868,52.5219382],[13.3838818,52.521899],[13.3839365,52.5219058],[13.383949,52.5218989],[13.3839697,52.5218974]]]},"properties":{"type":"hotel","height_m":17.5}},{"type":"Feature","geometry":{"type":"Polygon","coordinates":[[[13.3805168,52.5226376],[13.3804853,52.5226325],[13.3803451,52.5226101],[13.3803897,52.5225105],[13.3804811,52.522526],[13.3805362,52.5223929],[13.3805163,52.5223895],[13.3805142,52.5223934],[13.3805016,52.5223965],[13.380445,52.5223856],[13.3804634,52.5223373],[13.3806332,52.5223664],[13.3806134,52.5224126],[13.3805595,52.5225385],[13.3805168,52.5226376]]]},"properties":{"type":"apartments","height_m":10.5}},{"type":"Feature","geometry":{"type":"Polygon","coordinates":[[[13.3806332,52.5223664],[13.3807029,52.5223773],[13.3807992,52.5223923],[13.3807666,52.5224683],[13.3806833,52.5226634],[13.3805454,52.5226423],[13.3805168,52.5226376],[13.3805595,52.5225385],[13.3806729,52.5225578],[13.3806788,52.5225494],[13.3806594,52.5225386],[13.380699,52.522443],[13.3807144,52.5224439],[13.3807199,52.5224308],[13.3806134,52.5224126],[13.3806332,52.5223664]]]},"properties":{"type":"apartments","height_m":10.5}},{"type":"Feature","geometry":{"type":"Polygon","coordinates":[[[13.3806038,52.5218689],[13.3804076,52.5218445],[13.3803678,52.5219544],[13.3804886,52.5219685],[13.3804673,52.5220519],[13.380551,52.522057],[13.3806038,52.5218689]]]},"properties":{"type":"apartments","height_m":14.0}},{"type":"Feature","geometry":{"type":"Polygon","coordinates":[[[13.3808563,52.5222525],[13.3807992,52.5223923],[13.3807029,52.5223773],[13.3807302,52.522303],[13.3804951,52.5222621],[13.3805037,52.5221939],[13.3806704,52.5222211],[13.3807434,52.5222337],[13.3808563,52.5222525]]]},"properties":{"type":"apartments","height_m":25.0}},{"type":"Feature","geometry":{"type":"Polygon","coordinates":[[[13.3789416,52.5217507],[13.379158,52.521764],[13.3791636,52.5217092],[13.3791613,52.52168],[13.3792079,52.5216566],[13.3792083,52.5216439],[13.3792092,52.5216358],[13.3791738,52.521644],[13.3791264,52.5216675],[13.3791179,52.5216586],[13.378965,52.5217027],[13.3789317,52.5217155],[13.3789216,52.5217221],[13.3789204,52.5217315],[13.3789245,52.5217392],[13.3789317,52.521744],[13.3789421,52.5217469],[13.3789416,52.5217507]]]},"properties":{"type":"apartments","height_m":25.0}},{"type":"Feature","geometry":{"type":"Polygon","coordinates":[[[13.3883533,52.5192168],[13.3883769,52.5192181],[13.3883593,52.5193341],[13.3883353,52.5193327],[13.3883533,52.5192168]]]},"properties":{"type":"yes","height_m":25.0}},{"type":"Feature","geometry":{"type":"Polygon","coordinates":[[[13.3806102,52.5201315],[13.3808547,52.5201427],[13.3808852,52.5198959],[13.3806407,52.5198847],[13.3806102,52.5201315]]]},"properties":{"type":"service","height_m":25.0}},{"type":"Feature","geometry":{"type":"Polygon","coordinates":[[[13.3790401,52.5200088],[13.3790401,52.5203069],[13.3799089,52.5203069],[13.3799484,52.5200455],[13.3799539,52.5200088],[13.3790401,52.5200088]]]},"properties":{"type":"construction","height_m":23.5}},{"type":"Feature","geometry":{"type":"Polygon","coordinates":[[[13.3788945,52.5212429],[13.3791013,52.5212376],[13.3790847,52.5209971],[13.378878,52.5210023],[13.3788945,52.5212429]]]},"properties":{"type":"container","height_m":25.0}},{"type":"Feature","geometry":{"type":"Polygon","coordinates":[[[13.3854986,52.5163912],[13.3852984,52.516378],[13.3852877,52.5164377],[13.3851996,52.5164319],[13.3851899,52.5164865],[13.3856613,52.5165176],[13.3856913,52.5163489],[13.3856781,52.516348],[13.3855083,52.5163368],[13.3854986,52.5163912]]]},"properties":{"type":"office","height_m":17.5}},{"type":"Feature","geometry":{"type":"Polygon","coordinates":[[[13.3770498,52.522552],[13.3770777,52.5225748],[13.3771137,52.5226041],[13.3771532,52.5226363],[13.3771853,52.5226625],[13.3772067,52.5226799],[13.3776138,52.522339],[13.3775639,52.5223312],[13.3775079,52.5223224],[13.3773488,52.5222974],[13.3773202,52.5223141],[13.3770498,52.522552]]]},"properties":{"type":"viaduct","height_m":6.2}},{"type":"Feature","geometry":{"type":"Polygon","coordinates":[[[13.3776221,52.5221098],[13.377706,52.5220607],[13.378129,52.5218411],[13.378331,52.521751],[13.3787031,52.5216149],[13.3789214,52.5215384],[13.3792272,52.5214589],[13.3795458,52.5213949],[13.3797001,52.5213695],[13.379678,52.5215259],[13.3796448,52.5215307],[13.3794791,52.5215625],[13.3792105,52.5216275],[13.3790114,52.5216797],[13.3788182,52.5217391],[13.3785416,52.5218337],[13.3783363,52.5219214],[13.3782779,52.5219482],[13.3782316,52.5219708],[13.378129,52.5220248],[13.3780245,52.5220826],[13.3779149,52.5221459],[13.3778225,52.5221965],[13.3777774,52.522189],[13.3777176,52.5221792],[13.3776577,52.5221693],[13.3776058,52.5221607],[13.3775511,52.5221517],[13.3776221,52.5221098]]]},"properties":{"type":"viaduct","height_m":6.2}},{"type":"Feature","geometry":{"type":"Polygon","coordinates":[[[13.3843576,52.5208446],[13.38418,52.5209039],[13.3840564,52.5209451],[13.3840021,52.5209632],[13.3836983,52.521049],[13.3833456,52.5211566],[13.3831695,52.5211943],[13.3829985,52.5212274],[13.3827324,52.5212665],[13.3824857,52.5212882],[13.3821841,52.5213084],[13.3819993,52.521313],[13.3807649,52.5213005],[13.3801394,52.5213106],[13.3800079,52.521325],[13.3799739,52.5214919],[13.3803048,52.5214615],[13.3807739,52.5214485],[13.3814246,52.5214638],[13.3822264,52.5214723],[13.3825893,52.5214544],[13.3831575,52.5213904],[13.3835458,52.5213199],[13.3839066,52.5212344],[13.3843898,52.5211128],[13.3847117,52.5210108],[13.3849775,52.5209262],[13.3845883,52.5207262],[13.3844857,52.5207789],[13.3843576,52.5208446]]]},"properties":{"type":"viaduct","height_m":6.2}},{"type":"Feature","geometry":{"type":"Polygon","coordinates":[[[13.3880716,52.5201752],[13.3880453,52.5198896],[13.3877411,52.5199034],[13.3875858,52.5199153],[13.3875207,52.5199202],[13.3874711,52.5199262],[13.3873641,52.5199397],[13.3869349,52.5200053],[13.3865848,52.5200705],[13.3864767,52.5200965],[13.3862381,52.5201642],[13.3859348,52.5202682],[13.3861632,52.5205342],[13.3866804,52.5204115],[13.3870256,52.5203414],[13.387363,52.5202791],[13.3876079,52.5202399],[13.3880716,52.5201752]]]},"properties":{"type":"roof","height_m":25.0}},{"type":"Feature","geometry":{"type":"Polygon","coordinates":[[[13.3787859,52.5151149],[13.3787996,52.5150525],[13.3788228,52.5149198],[13.3788254,52.5149053],[13.3788279,52.5148908],[13.3788263,52.5148887],[13.3787863,52.514887],[13.3787867,52.5148735],[13.3786944,52.5148693],[13.3786818,52.514933],[13.3784908,52.5149184],[13.3784987,52.5148555],[13.3780088,52.5148276],[13.3778924,52.5148228],[13.3779025,52.5148897],[13.3779957,52.5148949],[13.3779828,52.5149587],[13.3779107,52.5149602],[13.3780116,52.5157162],[13.3780516,52.5157188],[13.3780517,52.5157441],[13.3781196,52.5157489],[13.3783209,52.5157621],[13.3784615,52.5157714],[13.3786674,52.515785],[13.3786966,52.5155948],[13.3785318,52.5155833],[13.3785335,52.51557],[13.3784261,52.5155637],[13.3784262,52.5155763],[13.3782768,52.5155664],[13.3782426,52.5153072],[13.3783831,52.5153168],[13.3783767,52.5152768],[13.378389,52.5152757],[13.3783816,52.5152232],[13.3783528,52.5152228],[13.3783529,52.5152376],[13.3782939,52.5152389],[13.3782735,52.5150798],[13.3787859,52.5151149]]]},"properties":{"type":"embassy","height_m":22.0}},{"type":"Feature","geometry":{"type":"Polygon","coordinates":[[[13.3777517,52.5164567],[13.3777536,52.5164467],[13.3777554,52.5164367],[13.3777563,52.516432],[13.3777209,52.5164295],[13.3776773,52.5164265],[13.3776275,52.5164231],[13.3775987,52.5164211],[13.3775726,52.5165627],[13.3776514,52.516568],[13.3776597,52.5165686],[13.3777302,52.5165734],[13.3777333,52.5165564],[13.3777371,52.516536],[13.3777425,52.5165066],[13.3777517,52.5164567]]]},"properties":{"type":"yes","height_m":25.0}},{"type":"Feature","geometry":{"type":"Polygon","coordinates":[[[13.3874334,52.5163721],[13.3874757,52.5163746],[13.3879112,52.5164003],[13.3879471,52.5161744],[13.3876776,52.5161585],[13.3876788,52.516151],[13.3876326,52.5161483],[13.3876316,52.5161547],[13.3874695,52.5161451],[13.3874334,52.5163721]]]},"properties":{"type":"theatre","height_m":25.0}},{"type":"Feature","geometry":{"type":"Polygon","coordinates":[[[13.3824276,52.5160768],[13.3826626,52.5160922],[13.3826774,52.516009],[13.3824429,52.5159935],[13.3824276,52.5160768]]]},"properties":{"type":"yes","height_m":25.0}},{"type":"Feature","geometry":{"type":"Polygon","coordinates":[[[13.3831637,52.5157534],[13.3831993,52.5157572],[13.3832312,52.5156483],[13.3831956,52.5156444],[13.3831637,52.5157534]]]},"properties":{"type":"yes","height_m":25.0}},{"type":"Feature","geometry":{"type":"Polygon","coordinates":[[[13.3808007,52.5185237],[13.3807429,52.5185205],[13.3807351,52.5185736],[13.3807928,52.5185768],[13.3808007,52.5185237]]]},"properties":{"type":"yes","height_m":25.0}},{"type":"Feature","geometry":{"type":"Polygon","coordinates":[[[13.3823902,52.5201948],[13.3822892,52.5202128],[13.3823386,52.5203154],[13.3824396,52.5202974],[13.3823902,52.5201948]]]},"properties":{"type":"garages","height_m":25.0}},{"type":"Feature","geometry":{"type":"Polygon","coordinates":[[[13.3824951,52.5203695],[13.3824586,52.520294],[13.3824396,52.5202974],[13.3823557,52.5203124],[13.3823922,52.5203879],[13.3824951,52.5203695]]]},"properties":{"type":"garages","height_m":25.0}},{"type":"Feature","geometry":{"type":"Polygon","coordinates":[[[13.3813457,52.5174802],[13.3813337,52.5175444],[13.3815571,52.5175599],[13.3815691,52.5174956],[13.3813457,52.5174802]]]},"properties":{"type":"yes","height_m":25.0}},{"type":"Feature","geometry":{"type":"Polygon","coordinates":[[[13.381218,52.5174712],[13.3810864,52.517463],[13.381076,52.5175255],[13.3812075,52.5175336],[13.381218,52.5174712]]]},"properties":{"type":"yes","height_m":25.0}},{"type":"Feature","geometry":{"type":"Polygon","coordinates":[[[13.3827105,52.5188953],[13.3827208,52.5188369],[13.3826177,52.5188302],[13.3825869,52.5190063],[13.3825775,52.5190595],[13.3826483,52.5190641],[13.3826528,52.5190348],[13.3826851,52.5190369],[13.3827058,52.518922],[13.3827152,52.5189226],[13.3827199,52.5188959],[13.3827105,52.5188953]]]},"properties":{"type":"yes","height_m":25.0}},{"type":"Feature","geometry":{"type":"Polygon","coordinates":[[[13.3830651,52.5188026],[13.3831547,52.5188085],[13.3831709,52.5187169],[13.3830813,52.518711],[13.3830651,52.5188026]]]},"properties":{"type":"yes","height_m":25.0}},{"type":"Feature","geometry":{"type":"Polygon","coordinates":[[[13.3834678,52.5188024],[13.3834412,52.5189656],[13.3837162,52.5189832],[13.3837445,52.5188215],[13.3834678,52.5188024]]]},"properties":{"type":"yes","height_m":25.0}},{"type":"Feature","geometry":{"type":"Polygon","coordinates":[[[13.3830519,52.5188774],[13.3830651,52.5188026],[13.3831547,52.5188085],[13.3831977,52.5188113],[13.3831844,52.5188861],[13.3830519,52.5188774]]]},"properties":{"type":"yes","height_m":25.0}},{"type":"Feature","geometry":{"type":"Polygon","coordinates":[[[13.3786948,52.5173369],[13.3787762,52.5168896],[13.378452,52.5168689],[13.3781176,52.5168476],[13.3780409,52.5172928],[13.3786948,52.5173369]]]},"properties":{"type":"office","height_m":18.0}},{"type":"Feature","geometry":{"type":"Polygon","coordinates":[[[13.3799328,52.5151299],[13.379832,52.5156951],[13.3798039,52.5158597],[13.3797497,52.5158561],[13.3796042,52.5158466],[13.379375,52.5158315],[13.3793272,52.5158283],[13.3792794,52.5158252],[13.3794111,52.5150933],[13.3799328,52.5151299]]]},"properties":{"type":"museum","height_m":22.0}},{"type":"Feature","geometry":{"type":"Polygon","coordinates":[[[13.3884764,52.519443],[13.3884569,52.519442],[13.3884409,52.5195568],[13.3884599,52.5195578],[13.3884764,52.519443]]]},"properties":{"type":"yes","height_m":25.0}},{"type":"Feature","geometry":{"type":"Polygon","coordinates":[[[13.3796516,52.5215762],[13.3796499,52.5215647],[13.3796692,52.5215635],[13.3796656,52.5215393],[13.3796462,52.5215406],[13.3796448,52.5215307],[13.3794791,52.5215625],[13.379481,52.5215662],[13.3796516,52.5215762]]]},"properties":{"type":"yes","height_m":25.0}},{"type":"Feature","geometry":{"type":"Polygon","coordinates":[[[13.3861251,52.5176843],[13.3861073,52.5177926],[13.38577,52.5177717],[13.3858024,52.5175646],[13.3859748,52.517576],[13.3859873,52.5175066],[13.3860428,52.5175094],[13.3860764,52.5175111],[13.3860677,52.5175609],[13.3861483,52.5175659],[13.3861348,52.517634],[13.3860013,52.517625],[13.3859785,52.5176368],[13.385974,52.5176752],[13.3860405,52.5176792],[13.3860409,52.5176767],[13.3860748,52.5176788],[13.3860744,52.5176812],[13.3861251,52.5176843]]]},"properties":{"type":"office","height_m":14.0}},{"type":"Feature","geometry":{"type":"Polygon","coordinates":[[[13.3868969,52.5164716],[13.3869336,52.5164738],[13.3869745,52.5163467],[13.3869427,52.5163452],[13.3868969,52.5164716]]]},"properties":{"type":"bridge","height_m":25.0}},{"type":"Feature","geometry":{"type":"Polygon","coordinates":[[[13.3894354,52.5153715],[13.3895522,52.5153789],[13.3895458,52.5154163],[13.3896127,52.5154205],[13.3896195,52.515381],[13.3896271,52.5153367],[13.3894433,52.515325],[13.3894354,52.5153715]]]},"properties":{"type":"yes","height_m":25.0}},{"type":"Feature","geometry":{"type":"Polygon","coordinates":[[[13.3892346,52.5153977],[13.3893809,52.515407],[13.3893875,52.5153684],[13.3894354,52.5153715],[13.3894433,52.515325],[13.3892492,52.5153126],[13.3892426,52.5153508],[13.3892346,52.5153977]]]},"properties":{"type":"apartments","height_m":14.0}},{"type":"Feature","geometry":{"type":"Polygon","coordinates":[[[13.3826626,52.5160922],[13.3824276,52.5160768],[13.3824142,52.516138],[13.3824034,52.5161873],[13.3823802,52.5163117],[13.3824348,52.5163153],[13.3826189,52.5163274],[13.3826251,52.5162925],[13.3826487,52.5161703],[13.3826626,52.5160922]]]},"properties":{"type":"commercial","height_m":25.0}},{"type":"Feature","geometry":{"type":"Polygon","coordinates":[[[13.3833329,52.515369],[13.3832929,52.5153664],[13.3832566,52.515364],[13.3832194,52.5153615],[13.3831737,52.5153585],[13.3829459,52.5153435],[13.3822335,52.5152966],[13.3822106,52.5154251],[13.3831968,52.5154901],[13.3832338,52.5154925],[13.3832354,52.5154832],[13.383273,52.5154857],[13.3833059,52.5154878],[13.3833329,52.515369]]]},"properties":{"type":"apartments","height_m":24.5}},{"type":"Feature","geometry":{"type":"Polygon","coordinates":[[[13.3815807,52.5219905],[13.3817694,52.5220141],[13.3818783,52.5220277],[13.3818061,52.5222389],[13.3817268,52.5222292],[13.3817595,52.522134],[13.3816146,52.5221174],[13.3815807,52.5222118],[13.3815098,52.5222033],[13.3815807,52.5219905]]]},"properties":{"type":"apartments","height_m":14.0}},{"type":"Feature","geometry":{"type":"Polygon","coordinates":[[[13.3815098,52.5222033],[13.3815807,52.5222118],[13.3817268,52.5222292],[13.3818061,52.5222389],[13.3817713,52.5223399],[13.3816677,52.5223272],[13.3816701,52.5223227],[13.3814779,52.5222983],[13.381505,52.5222153],[13.3815098,52.5222033]]]},"properties":{"type":"apartments","height_m":25.0}},{"type":"Feature","geometry":{"type":"Polygon","coordinates":[[[13.3861001,52.5184763],[13.3862937,52.518488],[13.3863495,52.5184916],[13.3868088,52.5185199],[13.3868346,52.5183696],[13.3868967,52.5180089],[13.3862439,52.5179675],[13.3862018,52.5182244],[13.3861477,52.5182212],[13.3861025,52.5184696],[13.3861001,52.5184763]]]},"properties":{"type":"university","height_m":21.0}},{"type":"Feature","geometry":{"type":"Polygon","coordinates":[[[13.3860765,52.5179573],[13.3857454,52.5179373],[13.385657,52.5184454],[13.3861001,52.5184763],[13.3861025,52.5184696],[13.3861477,52.5182212],[13.3862018,52.5182244],[13.3862439,52.5179675],[13.3860765,52.5179573]]]},"properties":{"type":"office","height_m":14.0}},{"type":"Feature","geometry":{"type":"Polygon","coordinates":[[[13.3891028,52.5215461],[13.3890228,52.5215421],[13.3887255,52.5215251],[13.3887386,52.521426],[13.3888315,52.5214293],[13.3888406,52.5213841],[13.3889657,52.5213943],[13.3891236,52.5214041],[13.3891196,52.5214416],[13.3890918,52.5214401],[13.3890812,52.5215144],[13.3891081,52.5215157],[13.3891028,52.5215461]]]},"properties":{"type":"yes","height_m":25.0}},{"type":"Feature","geometry":{"type":"Polygon","coordinates":[[[13.3891028,52.5215461],[13.3891081,52.5215157],[13.3890812,52.5215144],[13.3890918,52.5214401],[13.3891196,52.5214416],[13.3891236,52.5214041],[13.3893214,52.5214175],[13.3893137,52.521476],[13.3893018,52.5215567],[13.3891028,52.5215461]]]},"properties":{"type":"yes","height_m":17.5}},{"type":"Feature","geometry":{"type":"Polygon","coordinates":[[[13.3787962,52.5219525],[13.3788028,52.5219141],[13.3787635,52.5219109],[13.3787712,52.5218601],[13.378787,52.5218614],[13.3787921,52.5218322],[13.3787771,52.5218307],[13.3787848,52.5217807],[13.3788203,52.5217825],[13.3788262,52.5217428],[13.3788764,52.5217467],[13.378876,52.5217495],[13.3788875,52.5217502],[13.3788857,52.5217609],[13.3788558,52.5217591],[13.3788258,52.5219399],[13.3788596,52.521942],[13.3788578,52.5219529],[13.3788468,52.5219522],[13.3788463,52.5219549],[13.3787962,52.5219525]]]},"properties":{"type":"apartments","height_m":25.0}},{"type":"Feature","geometry":{"type":"Polygon","coordinates":[[[13.3784338,52.5220526],[13.3784677,52.5220597],[13.3784756,52.522046],[13.3784416,52.5220389],[13.3784338,52.5220526]]]},"properties":{"type":"yes","height_m":25.0}},{"type":"Feature","geometry":{"type":"Polygon","coordinates":[[[13.3826108,52.5223513],[13.3825845,52.5224256],[13.3824112,52.5224039],[13.382458,52.5222663],[13.3823671,52.522253],[13.3823438,52.5223204],[13.3823051,52.5224353],[13.3822891,52.5224832],[13.3824705,52.5225144],[13.3826334,52.5225418],[13.382694,52.5223611],[13.3826108,52.5223513]]]},"properties":{"type":"apartments","height_m":25.0}},{"type":"Feature","geometry":{"type":"Polygon","coordinates":[[[13.3848522,52.5154725],[13.3848354,52.5155747],[13.3849427,52.5155817],[13.3849354,52.5156224],[13.3850031,52.5156269],[13.3850104,52.5155855],[13.3852753,52.515603],[13.3852681,52.5156433],[13.3853482,52.5156486],[13.3853555,52.5156075],[13.3854926,52.5156166],[13.3855005,52.5155726],[13.3855079,52.5155172],[13.3848522,52.5154725]]]},"properties":{"type":"embassy","height_m":21.0}},{"type":"Feature","geometry":{"type":"Polygon","coordinates":[[[13.3842644,52.5155533],[13.3842823,52.5154337],[13.3843044,52.5154349],[13.3845525,52.515452],[13.3848522,52.5154725],[13.3848354,52.5155747],[13.384834,52.5155827],[13.384727,52.5155757],[13.3847243,52.5155906],[13.3845262,52.5155775],[13.3845287,52.5155636],[13.3844961,52.5155615],[13.3844937,52.5155747],[13.3844738,52.5155868],[13.3844291,52.5155863],[13.3844053,52.5155688],[13.3844073,52.5155575],[13.3843615,52.5155545],[13.3843603,52.5155613],[13.3843498,52.5156201],[13.3842536,52.5156138],[13.3842644,52.5155533]]]},"properties":{"type":"school","height_m":21.0}},{"type":"Feature","geometry":{"type":"Polygon","coordinates":[[[13.3778347,52.516016],[13.3778531,52.5160173],[13.377857,52.5159971],[13.3780954,52.5160142],[13.378094,52.5160218],[13.3780845,52.5160707],[13.378075,52.5161196],[13.3779466,52.5161104],[13.3778182,52.5161012],[13.3778277,52.5160523],[13.3778347,52.516016]]]},"properties":{"type":"gatehouse","height_m":25.0}},{"type":"Feature","geometry":{"type":"Polygon","coordinates":[[[13.3887404,52.5151797],[13.388748,52.5151302],[13.3887589,52.5151254],[13.3887636,52.5150877],[13.3887736,52.5150298],[13.3889391,52.5150403],[13.3889611,52.5150417],[13.3889505,52.5151154],[13.3889429,52.5151682],[13.3889393,52.515193],[13.3887404,52.5151797]]]},"properties":{"type":"residential","height_m":17.5}},{"type":"Feature","geometry":{"type":"Polygon","coordinates":[[[13.3862773,52.5150289],[13.3863073,52.5150308],[13.3866122,52.5150505],[13.3868604,52.5150656],[13.3869176,52.5147338],[13.3869208,52.514715],[13.386735,52.5147018],[13.3866175,52.5146945],[13.3863448,52.5146774],[13.3863206,52.5147987],[13.3862808,52.5150145],[13.3862786,52.5150227],[13.3862773,52.5150289]]]},"properties":{"type":"office","height_m":25.0}},{"type":"Feature","geometry":{"type":"Polygon","coordinates":[[[13.3887404,52.5152927],[13.3887421,52.5152799],[13.3887468,52.5152463],[13.388727,52.5152296],[13.3886396,52.5152233],[13.3886446,52.5151955],[13.3886485,52.5151734],[13.3887404,52.5151797],[13.3889393,52.515193],[13.3889312,52.5152447],[13.3889222,52.5153028],[13.3887404,52.5152927]]]},"properties":{"type":"residential","height_m":17.5}},{"type":"Feature","geometry":{"type":"Polygon","coordinates":[[[13.3862499,52.5152043],[13.3862724,52.5150598],[13.3862773,52.5150289],[13.3863073,52.5150308],[13.3866122,52.5150505],[13.3866021,52.5151107],[13.3866,52.5151229],[13.3865979,52.5151399],[13.3865956,52.5151436],[13.3865928,52.5151463],[13.386588,52.5151491],[13.3865829,52.5151509],[13.3865793,52.5151516],[13.3865736,52.5151522],[13.3865348,52.5151505],[13.3865269,52.5152218],[13.3862499,52.5152043]]]},"properties":{"type":"apartments","height_m":18.6}},{"type":"Feature","geometry":{"type":"Polygon","coordinates":[[[13.3847293,52.5222739],[13.3847079,52.5222687],[13.3847382,52.5222235],[13.3848012,52.5222403],[13.3850216,52.5222992],[13.3849125,52.5224328],[13.3848937,52.5224559],[13.3848101,52.5224352],[13.3848387,52.5223952],[13.384897,52.5223231],[13.3847259,52.5222793],[13.3847293,52.5222739]]]},"properties":{"type":"residential","height_m":14.0}},{"type":"Feature","geometry":{"type":"Polygon","coordinates":[[[13.3846879,52.5220151],[13.3847033,52.522019],[13.3849207,52.5220745],[13.384885,52.5221241],[13.3848156,52.5221074],[13.3848028,52.5221261],[13.3848193,52.5221299],[13.3847979,52.5221612],[13.3847813,52.5221575],[13.3847666,52.522179],[13.3848344,52.5221942],[13.3848012,52.5222403],[13.3847382,52.5222235],[13.3845785,52.5221829],[13.3846879,52.5220151]]]},"properties":{"type":"hotel","height_m":17.5}},{"type":"Feature","geometry":{"type":"Polygon","coordinates":[[[13.385512,52.5220401],[13.3855372,52.5220219],[13.3854821,52.5219935],[13.385466,52.5220066],[13.3854296,52.5219856],[13.3853601,52.5220367],[13.3853148,52.5220138],[13.3853659,52.521952],[13.3854064,52.5219031],[13.3854929,52.5217985],[13.3855359,52.5217464],[13.3855657,52.5217104],[13.3856299,52.5216328],[13.3856403,52.5216202],[13.3857121,52.5216564],[13.3857478,52.5216744],[13.3856606,52.5217404],[13.3858523,52.5218336],[13.3857833,52.5218846],[13.385612,52.5220108],[13.3855725,52.52204],[13.385562,52.5220346],[13.3855368,52.5220528],[13.385512,52.5220401]]]},"properties":{"type":"yes","height_m":17.5}},{"type":"Feature","geometry":{"type":"Polygon","coordinates":[[[13.3858237,52.522207],[13.3858459,52.5221902],[13.3859413,52.5222392],[13.3859183,52.5222547],[13.3858237,52.522207]]]},"properties":{"type":"commercial","height_m":3.5}},{"type":"Feature","geometry":{"type":"Polygon","coordinates":[[[13.3857232,52.5223911],[13.385778,52.5223268],[13.3858644,52.5223554],[13.3858089,52.5224177],[13.3857232,52.5223911]]]},"properties":{"type":"civic","height_m":3.5}},{"type":"Feature","geometry":{"type":"Polygon","coordinates":[[[13.3859398,52.5217687],[13.386036,52.5217103],[13.3861014,52.5217503],[13.3860098,52.5218025],[13.3859398,52.5217687]]]},"properties":{"type":"commercial","height_m":3.5}},{"type":"Feature","geometry":{"type":"Polygon","coordinates":[[[13.385166,52.5221226],[13.3851946,52.5220877],[13.3852665,52.5219998],[13.3853148,52.5220138],[13.3853601,52.5220367],[13.3854534,52.5220839],[13.3853736,52.5221832],[13.385166,52.5221226]]]},"properties":{"type":"commercial","height_m":7.0}},{"type":"Feature","geometry":{"type":"Polygon","coordinates":[[[13.3856564,52.5214753],[13.3856467,52.5214714],[13.3856769,52.5214326],[13.3857295,52.521428],[13.3857786,52.521453],[13.3857375,52.5215026],[13.3856532,52.5214793],[13.3856564,52.5214753]]]},"properties":{"type":"commercial","height_m":3.5}},{"type":"Feature","geometry":{"type":"Polygon","coordinates":[[[13.3859631,52.5206496],[13.3859856,52.5206919],[13.3860986,52.5206652],[13.386074,52.5206233],[13.3859631,52.5206496]]]},"properties":{"type":"roof","height_m":25.0}},{"type":"Feature","geometry":{"type":"Polygon","coordinates":[[[13.3860619,52.5206074],[13.3861077,52.5206843],[13.3863716,52.5206311],[13.3863148,52.5205459],[13.3860619,52.5206074]]]},"properties":{"type":"roof","height_m":25.0}},{"type":"Feature","geometry":{"type":"Polygon","coordinates":[[[13.3855342,52.5204639],[13.3855651,52.5205049],[13.3860292,52.520372],[13.3859735,52.5203065],[13.3855342,52.5204639]]]},"properties":{"type":"roof","height_m":25.0}},{"type":"Feature","geometry":{"type":"Polygon","coordinates":[[[13.3850037,52.5208018],[13.3861429,52.5205026],[13.3860835,52.520432],[13.3849743,52.5207635],[13.3850037,52.5208018]]]},"properties":{"type":"roof","height_m":25.0}},{"type":"Feature","geometry":{"type":"Polygon","coordinates":[[[13.3880991,52.5202162],[13.3881187,52.5202654],[13.3884863,52.5201974],[13.388834,52.5201505],[13.3888219,52.5201109],[13.3885704,52.5201439],[13.3880991,52.5202162]]]},"properties":{"type":"roof","height_m":25.0}},{"type":"Feature","geometry":{"type":"Polygon","coordinates":[[[13.3874476,52.5205195],[13.3877743,52.5204509],[13.3877667,52.5204376],[13.3877588,52.5204235],[13.3874321,52.5204922],[13.3874396,52.5205054],[13.3874476,52.5205195]]]},"properties":{"type":"roof","height_m":25.0}},{"type":"Feature","geometry":{"type":"Polygon","coordinates":[[[13.3864783,52.5200964],[13.3865867,52.5200701],[13.3865718,52.5200474],[13.3864634,52.5200737],[13.3864783,52.5200964]]]},"properties":{"type":"roof","height_m":25.0}},{"type":"Feature","geometry":{"type":"Polygon","coordinates":[[[13.3874711,52.5199262],[13.3875858,52.5199153],[13.3875787,52.5198879],[13.387464,52.5198988],[13.3874711,52.5199262]]]},"properties":{"type":"roof","height_m":25.0}},{"type":"Feature","geometry":{"type":"Polygon","coordinates":[[[13.3867029,52.5206769],[13.3870173,52.5206109],[13.3870297,52.5206083],[13.3870227,52.5205959],[13.3870142,52.5205809],[13.3866874,52.5206496],[13.386695,52.520663],[13.3867029,52.5206769]]]},"properties":{"type":"roof","height_m":25.0}},{"type":"Feature","geometry":{"type":"Polygon","coordinates":[[[13.384394,52.5211133],[13.3845317,52.5210735],[13.3845476,52.5210929],[13.3845555,52.5210902],[13.3845793,52.5211016],[13.3845815,52.5210978],[13.3846193,52.5211059],[13.3846242,52.5210974],[13.3847985,52.5211346],[13.3847963,52.5211386],[13.3847662,52.5211926],[13.3844377,52.5211226],[13.384394,52.5211133]]]},"properties":{"type":"apartments","height_m":21.0}},{"type":"Feature","geometry":{"type":"Polygon","coordinates":[[[13.3840711,52.5219528],[13.3840476,52.5220285],[13.3840453,52.5220285],[13.3840432,52.522029],[13.3840416,52.52203],[13.3840407,52.5220313],[13.3839929,52.5220257],[13.3839887,52.5220349],[13.3839503,52.5220297],[13.3839371,52.5220172],[13.3839417,52.5220037],[13.3839651,52.5219352],[13.3840623,52.5219479],[13.3840612,52.5219511],[13.3840711,52.5219528]]]},"properties":{"type":"hotel","height_m":3.5}},{"type":"Feature","geometry":{"type":"Polygon","coordinates":[[[13.3841354,52.5212549],[13.3841625,52.521253],[13.3841884,52.5212542],[13.3842156,52.5212585],[13.3842206,52.52126],[13.3842186,52.5212627],[13.3842578,52.5212712],[13.3841719,52.5214184],[13.3839963,52.5213812],[13.3840249,52.521335],[13.3840187,52.5213337],[13.3840485,52.5212918],[13.3840652,52.5212788],[13.3840858,52.521268],[13.3841095,52.52126],[13.3841354,52.5212549]]]},"properties":{"type":"residential","height_m":21.0}},{"type":"Feature","geometry":{"type":"Polygon","coordinates":[[[13.382124,52.5217407],[13.3821168,52.5217618],[13.3820995,52.5217598],[13.3821067,52.5217387],[13.3820922,52.521737],[13.3820999,52.5217133],[13.3820653,52.5217091],[13.3820657,52.5216846],[13.3820659,52.5216717],[13.3820752,52.5216286],[13.3820544,52.5216261],[13.3820659,52.5215915],[13.3820882,52.5215943],[13.3821097,52.5215557],[13.382111,52.5215541],[13.3821128,52.5215528],[13.3821151,52.5215517],[13.3821244,52.521549],[13.3821271,52.5215487],[13.38213,52.5215487],[13.3821853,52.5215568],[13.382124,52.5217407]]]},"properties":{"type":"apartments","height_m":21.0}},{"type":"Feature","geometry":{"type":"Polygon","coordinates":[[[13.3836411,52.5219236],[13.3836772,52.5219284],[13.3836614,52.5219765],[13.3836226,52.5219717],[13.3836411,52.5219236]]]},"properties":{"type":"commercial","height_m":7.0}},{"type":"Feature","geometry":{"type":"Polygon","coordinates":[[[13.3826707,52.5217204],[13.3826797,52.5216925],[13.3827531,52.5217043],[13.3827583,52.5217051],[13.3827498,52.5217305],[13.3827441,52.5217298],[13.382702,52.5217244],[13.382686,52.5217223],[13.3826707,52.5217204]]]},"properties":{"type":"commercial","height_m":15.0}},{"type":"Feature","geometry":{"type":"Polygon","coordinates":[[[13.3823861,52.5217336],[13.382418,52.5216357],[13.3825086,52.5216467],[13.3824758,52.521745],[13.3823861,52.5217336]]]},"properties":{"type":"apartments","height_m":7.0}},{"type":"Feature","geometry":{"type":"Polygon","coordinates":[[[13.3836041,52.5219694],[13.3836226,52.5219717],[13.3836614,52.5219765],[13.3836523,52.5220041],[13.3835955,52.5219966],[13.3836041,52.5219694]]]},"properties":{"type":"commercial","height_m":3.5}},{"type":"Feature","geometry":{"type":"Polygon","coordinates":[[[13.3847662,52.5211926],[13.3847963,52.5211386],[13.3848312,52.521147],[13.3848517,52.5211161],[13.3850388,52.5211595],[13.3849864,52.5212395],[13.3847662,52.5211926]]]},"properties":{"type":"apartments","height_m":21.0}},{"type":"Feature","geometry":{"type":"Polygon","coordinates":[[[13.3834018,52.5219712],[13.3834742,52.5217569],[13.3835594,52.5217717],[13.3835346,52.5218425],[13.3834948,52.5219559],[13.3834881,52.5219545],[13.3834788,52.5219813],[13.3834018,52.5219712]]]},"properties":{"type":"residential","height_m":17.5}},{"type":"Feature","geometry":{"type":"Polygon","coordinates":[[[13.3837866,52.5219271],[13.3838016,52.5218805],[13.383698,52.5218655],[13.3837191,52.5218013],[13.3838833,52.5218382],[13.3838644,52.5218954],[13.3838818,52.521899],[13.383868,52.5219382],[13.3837866,52.5219271]]]},"properties":{"type":"apartments","height_m":14.0}},{"type":"Feature","geometry":{"type":"Polygon","coordinates":[[[13.3840501,52.5178342],[13.384032,52.5179354],[13.3843351,52.5179554],[13.3843082,52.5181064],[13.3842443,52.5181022],[13.384234,52.5181594],[13.3842032,52.5181574],[13.3842104,52.5181167],[13.3839999,52.5181028],[13.3840032,52.5180841],[13.3838343,52.5180729],[13.38383,52.5180968],[13.3837897,52.5183229],[13.3844624,52.5183673],[13.3845515,52.5178673],[13.3840501,52.5178342]]]},"properties":{"type":"apartments","height_m":28.0}},{"type":"Feature","geometry":{"type":"Polygon","coordinates":[[[13.3861073,52.5177926],[13.3862734,52.5178039],[13.3862937,52.5176913],[13.3862031,52.5176865],[13.3862319,52.5175206],[13.3861582,52.5175164],[13.3861483,52.5175659],[13.3861348,52.517634],[13.3861251,52.5176843],[13.3861073,52.5177926]]]},"properties":{"type":"yes","height_m":25.0}},{"type":"Feature","geometry":{"type":"Polygon","coordinates":[[[13.3777371,52.516536],[13.3777575,52.5165374],[13.3777538,52.5165577],[13.3779936,52.5165739],[13.3780029,52.5165234],[13.3780122,52.516473],[13.377882,52.5164648],[13.3777517,52.5164567],[13.3777425,52.5165066],[13.3777371,52.516536]]]},"properties":{"type":"gatehouse","height_m":25.0}},{"type":"Feature","geometry":{"type":"Polygon","coordinates":[[[13.3778182,52.5161012],[13.3778161,52.5161121],[13.3778139,52.5161231],[13.3778127,52.5161292],[13.3777749,52.5161264],[13.3777322,52.5161236],[13.3776814,52.5161202],[13.3776515,52.516118],[13.3776791,52.5159749],[13.3777598,52.5159807],[13.3777691,52.5159814],[13.3778405,52.5159865],[13.3778387,52.5159958],[13.3778372,52.5160032],[13.3778347,52.516016],[13.3778277,52.5160523],[13.3778182,52.5161012]]]},"properties":{"type":"yes","height_m":25.0}},{"type":"Feature","geometry":{"type":"Polygon","coordinates":[[[13.3777563,52.516432],[13.3777683,52.5164328],[13.3777745,52.5163999],[13.3777768,52.5163875],[13.3777791,52.5163754],[13.3777849,52.5163443],[13.3777888,52.5163237],[13.3777946,52.516293],[13.3777979,52.5162752],[13.3778011,52.5162581],[13.377807,52.5162268],[13.3778106,52.5162076],[13.3778164,52.5161763],[13.3778185,52.5161653],[13.3778203,52.5161556],[13.3778251,52.5161301],[13.3778127,52.5161292],[13.3777749,52.5161264],[13.3777322,52.5161236],[13.3776814,52.5161202],[13.3776515,52.516118],[13.3776366,52.516117],[13.3776316,52.5161434],[13.3776295,52.5161549],[13.3776275,52.5161655],[13.3776217,52.5161962],[13.377618,52.5162163],[13.3776122,52.5162471],[13.3776089,52.5162646],[13.3776056,52.5162822],[13.3775999,52.5163127],[13.377596,52.5163337],[13.3775902,52.5163646],[13.377588,52.5163762],[13.3775856,52.5163889],[13.3775798,52.5164198],[13.3775987,52.5164211],[13.3776275,52.5164231],[13.3776773,52.5164265],[13.3777209,52.5164295],[13.3777563,52.516432]]]},"properties":{"type":"gate","height_m":26.0}},{"type":"Feature","geometry":{"type":"Polygon","coordinates":[[[13.3802671,52.5165307],[13.3803053,52.5165328],[13.380306,52.5165282],[13.3803071,52.5165214],[13.3803073,52.5165203],[13.380309,52.5165096],[13.3802708,52.5165074],[13.3802671,52.5165307]]]},"properties":{"type":"yes","height_m":25.0}},{"type":"Feature","geometry":{"type":"Polygon","coordinates":[[[13.3896013,52.5197933],[13.3893399,52.5197769],[13.3893535,52.5196946],[13.3888254,52.5196617],[13.3888456,52.5195206],[13.3893761,52.519554],[13.3896154,52.5195701],[13.3896135,52.5195803],[13.3896028,52.5196418],[13.3896219,52.5196424],[13.3896013,52.5197933]]]},"properties":{"type":"hotel","height_m":25.0}},{"type":"Feature","geometry":{"type":"Polygon","coordinates":[[[13.3882307,52.515719],[13.3882358,52.5156849],[13.3882389,52.5156647],[13.3886063,52.5156852],[13.3886032,52.5157057],[13.3885981,52.5157395],[13.3882307,52.515719]]]},"properties":{"type":"roof","height_m":25.0}},{"type":"Feature","geometry":{"type":"Polygon","coordinates":[[[13.3876521,52.516078],[13.3876435,52.5161082],[13.3876326,52.5161483],[13.3876788,52.516151],[13.3876776,52.5161585],[13.3879471,52.5161744],[13.3879112,52.5164003],[13.3879801,52.5164029],[13.3880418,52.5164065],[13.3880487,52.5163637],[13.3880659,52.5163649],[13.3880832,52.5163658],[13.3880961,52.5162854],[13.3880634,52.5162834],[13.3880878,52.5161308],[13.3881224,52.5161329],[13.3883648,52.5161473],[13.3883275,52.5163802],[13.3883111,52.5164821],[13.3883844,52.5164879],[13.3884197,52.5162674],[13.3883846,52.5162653],[13.3884036,52.5161464],[13.3884341,52.5161482],[13.3884403,52.5161094],[13.3880951,52.516089],[13.3881014,52.5160495],[13.3879882,52.5160428],[13.3879795,52.5160974],[13.3876521,52.516078]]]},"properties":{"type":"roof","height_m":25.0}},{"type":"Feature","geometry":{"type":"Polygon","coordinates":[[[13.3809984,52.5220335],[13.3812508,52.5220668],[13.3812893,52.5219545],[13.3811655,52.5219393],[13.3810383,52.5219238],[13.3809984,52.5220335]]]},"properties":{"type":"apartments","height_m":25.0}},{"type":"Feature","geometry":{"type":"Polygon","coordinates":[[[13.3900276,52.5201468],[13.3897351,52.520162],[13.389247,52.5201766],[13.3887577,52.5202102],[13.3886521,52.5202217],[13.3887102,52.5199181],[13.3893173,52.5199472],[13.3900649,52.5199991],[13.3900586,52.5200251],[13.3900536,52.5200489],[13.3900501,52.5200614],[13.3900447,52.5200985],[13.390038,52.5201281],[13.3900276,52.5201468]]]},"properties":{"type":"viaduct","height_m":3.5}},{"type":"Feature","geometry":{"type":"Polygon","coordinates":[[[13.3795755,52.5221533],[13.3793189,52.5221363],[13.3792792,52.5222403],[13.3794163,52.5222956],[13.3795441,52.5221775],[13.3795755,52.5221533]]]},"properties":{"type":"embassy","height_m":25.0}},{"type":"Feature","geometry":{"type":"Polygon","coordinates":[[[13.3882927,52.5174722],[13.3883308,52.5172452],[13.3886361,52.5172638],[13.3886648,52.5172656],[13.3886574,52.5173113],[13.3886313,52.5174716],[13.3886011,52.5174697],[13.3884028,52.5174574],[13.3884023,52.5174701],[13.3883903,52.5174723],[13.3882927,52.5174722]]]},"properties":{"type":"commercial","height_m":17.5}},{"type":"Feature","geometry":{"type":"Polygon","coordinates":[[[13.3896028,52.5196418],[13.3896135,52.5195803],[13.3896154,52.5195701],[13.3896857,52.5191786],[13.3896967,52.5191132],[13.3897107,52.5190517],[13.3900213,52.5190704],[13.3900128,52.5191331],[13.3899291,52.5195979],[13.3899178,52.5196608],[13.389821,52.5196546],[13.3896219,52.5196424],[13.3896028,52.5196418]]]},"properties":{"type":"office","height_m":87.5}},{"type":"Feature","geometry":{"type":"Polygon","coordinates":[[[13.3823937,52.5182347],[13.3834926,52.5183085],[13.3835305,52.518071],[13.3836245,52.5180771],[13.3836948,52.5176324],[13.3832217,52.5176009],[13.3830602,52.51759],[13.3829005,52.517576],[13.382881,52.5177004],[13.3833355,52.5177315],[13.3832671,52.5181206],[13.3824232,52.5180728],[13.3823937,52.5182347]]]},"properties":{"type":"office","height_m":25.0}},{"type":"Feature","geometry":{"type":"Polygon","coordinates":[[[13.3828341,52.5202714],[13.3828085,52.5203029],[13.3828464,52.5203143],[13.3828879,52.5203269],[13.3829547,52.520245],[13.3829663,52.5202308],[13.3829236,52.5202179],[13.3828869,52.5202068],[13.3828341,52.5202714]]]},"properties":{"type":"yes","height_m":25.0}},{"type":"Feature","geometry":{"type":"Polygon","coordinates":[[[13.3871294,52.5183886],[13.3871134,52.518483],[13.3871038,52.5185389],[13.3874266,52.5185593],[13.38743,52.5185396],[13.3874523,52.518409],[13.3872808,52.5183978],[13.3871294,52.5183886]]]},"properties":{"type":"roof","height_m":25.0}},{"type":"Feature","geometry":{"type":"Polygon","coordinates":[[[13.3861113,52.516776],[13.386185,52.5167812],[13.3861892,52.5167587],[13.3861155,52.5167536],[13.3861113,52.516776]]]},"properties":{"type":"yes","height_m":25.0}},{"type":"Feature","geometry":{"type":"Polygon","coordinates":[[[13.3773766,52.5216673],[13.3773928,52.5216413],[13.3773971,52.5216349],[13.3777027,52.521705],[13.3776989,52.5217112],[13.3776826,52.521734],[13.3774945,52.521693],[13.3773766,52.5216673]]]},"properties":{"type":"roof","height_m":25.0}},{"type":"Feature","geometry":{"type":"Polygon","coordinates":[[[13.3905224,52.5173847],[13.3902764,52.5173713],[13.3902508,52.51753],[13.390228,52.5175295],[13.3902131,52.5176072],[13.3901483,52.5176032],[13.3900594,52.5175978],[13.389978,52.5175928],[13.3899621,52.5176941],[13.389932,52.5178857],[13.3899085,52.518036],[13.3904083,52.5180687],[13.3905224,52.5173847]]]},"properties":{"type":"office","height_m":17.5}},{"type":"Feature","geometry":{"type":"Polygon","coordinates":[[[13.3865011,52.5153825],[13.3868093,52.5154015],[13.3869983,52.5154133],[13.3870476,52.5154163],[13.3871139,52.5154205],[13.3871629,52.5154235],[13.3873548,52.5154355],[13.3873555,52.5154301],[13.387357,52.5154227],[13.3874107,52.5151007],[13.3868604,52.5150656],[13.3866122,52.5150505],[13.3866021,52.5151107],[13.3866,52.5151229],[13.3865979,52.5151399],[13.3865956,52.5151436],[13.3865928,52.5151463],[13.386588,52.5151491],[13.3865829,52.5151509],[13.3865793,52.5151516],[13.3865736,52.5151522],[13.3865348,52.5151505],[13.3865269,52.5152218],[13.3865222,52.5152583],[13.3865195,52.5152719],[13.386503,52.5153701],[13.3865011,52.5153825]]]},"properties":{"type":"commercial","height_m":24.5}},{"type":"Feature","geometry":{"type":"Polygon","coordinates":[[[13.377481,52.5215484],[13.3775408,52.5215583],[13.3776315,52.5213559],[13.3775718,52.521346],[13.377481,52.5215484]]]},"properties":{"type":"roof","height_m":25.0}},{"type":"Feature","geometry":{"type":"Polygon","coordinates":[[[13.3842578,52.5212712],[13.3843279,52.5211511],[13.3844377,52.5211226],[13.3847662,52.5211926],[13.3849864,52.5212395],[13.3849302,52.521327],[13.3847877,52.5215491],[13.3845749,52.5215039],[13.3846087,52.5214463],[13.384614,52.5214474],[13.3846064,52.5214609],[13.3846489,52.5214694],[13.3847658,52.5212661],[13.3847314,52.5212586],[13.3847241,52.5212712],[13.3847209,52.5212706],[13.3844027,52.5212027],[13.3843545,52.5212872],[13.3843554,52.5212873],[13.3843528,52.5212916],[13.3842578,52.5212712]]]},"properties":{"type":"apartments","height_m":25.0}},{"type":"Feature","geometry":{"type":"Polygon","coordinates":[[[13.3897458,52.521129],[13.3897148,52.5211892],[13.3895991,52.5214014],[13.3903906,52.5214565],[13.390401,52.5214004],[13.3902768,52.521392],[13.3902617,52.5213783],[13.390321,52.5211739],[13.3901158,52.5211573],[13.390074,52.5213652],[13.3900491,52.5213759],[13.3898207,52.5213594],[13.3899395,52.5211453],[13.3897458,52.521129]]]},"properties":{"type":"yes","height_m":14.0}},{"type":"Feature","geometry":{"type":"Polygon","coordinates":[[[13.389978,52.5175928],[13.3900594,52.5175978],[13.3900735,52.5175084],[13.3900986,52.5174943],[13.3901519,52.5174979],[13.3901483,52.5175103],[13.390177,52.5175126],[13.3901752,52.5175164],[13.3901624,52.5175259],[13.3901483,52.5176032],[13.3902131,52.5176072],[13.390228,52.5175295],[13.3902508,52.51753],[13.3902764,52.5173713],[13.3902774,52.5173644],[13.3902623,52.5173636],[13.3902613,52.5173705],[13.3901773,52.5173658],[13.3901785,52.5173584],[13.3901217,52.5173549],[13.3901204,52.5173623],[13.3900391,52.5173564],[13.3900403,52.5173501],[13.3900239,52.5173489],[13.3900227,52.5173552],[13.389978,52.5175928]]]},"properties":{"type":"commercial","height_m":17.5}},{"type":"Feature","geometry":{"type":"Polygon","coordinates":[[[13.3866827,52.5196654],[13.3867163,52.5196675],[13.3881095,52.5197556],[13.3881425,52.5195677],[13.3881503,52.5195235],[13.3881618,52.5195068],[13.3881625,52.5194685],[13.3881739,52.5194419],[13.388169,52.519417],[13.3881827,52.5193389],[13.3881993,52.5192445],[13.3882121,52.5192192],[13.388213,52.5191662],[13.3882289,52.5191253],[13.3882293,52.5190735],[13.3882628,52.5188827],[13.3882802,52.5187838],[13.3872438,52.5187177],[13.387209,52.5189164],[13.3879184,52.5189613],[13.3878192,52.5195382],[13.3870353,52.5194864],[13.3870507,52.519393],[13.3867323,52.5193721],[13.3866827,52.5196654]]]},"properties":{"type":"commercial","height_m":28.0}},{"type":"Feature","geometry":{"type":"Polygon","coordinates":[[[13.3864397,52.517815],[13.3864898,52.5175372],[13.3863662,52.517529],[13.3863365,52.5176942],[13.3862937,52.5176913],[13.3862734,52.5178039],[13.3864397,52.517815]]]},"properties":{"type":"commercial","height_m":17.5}},{"type":"Feature","geometry":{"type":"Polygon","coordinates":[[[13.3802875,52.5201696],[13.3802657,52.5203276],[13.3801869,52.5203236],[13.3802087,52.5201656],[13.3802875,52.5201696]]]},"properties":{"type":"yes","height_m":25.0}},{"type":"Feature","geometry":{"type":"Polygon","coordinates":[[[13.3790862,52.5168713],[13.3790841,52.516884],[13.3790825,52.5168937],[13.3790798,52.5169095],[13.3792484,52.5169206],[13.3792511,52.5169045],[13.3792527,52.5168949],[13.3792549,52.5168818],[13.3790862,52.5168713]]]},"properties":{"type":"roof","height_m":25.0}},{"type":"Feature","geometry":{"type":"Polygon","coordinates":[[[13.380124,52.5161668],[13.3801134,52.5162336],[13.3801558,52.5162361],[13.3801663,52.5161694],[13.3801451,52.5161681],[13.380124,52.5161668]]]},"properties":{"type":"roof","height_m":25.0}},{"type":"Feature","geometry":{"type":"Polygon","coordinates":[[[13.3794225,52.5207953],[13.379423,52.5207747],[13.3794808,52.5207753],[13.3794803,52.5207959],[13.3794225,52.5207953]]]},"properties":{"type":"service","height_m":25.0}},{"type":"Feature","geometry":{"type":"Polygon","coordinates":[[[13.3835779,52.5213832],[13.3836496,52.5213559],[13.3838483,52.5212806],[13.3839074,52.5213382],[13.383841,52.5213634],[13.3837087,52.5214135],[13.3836831,52.5214233],[13.3836739,52.5214268],[13.3836626,52.521431],[13.383637,52.5214408],[13.3835779,52.5213832]]]},"properties":{"type":"roof","height_m":25.0}},{"type":"Feature","geometry":{"type":"Polygon","coordinates":[[[13.3838342,52.5180728],[13.3840032,52.5180841],[13.384032,52.5179354],[13.3840501,52.5178342],[13.383877,52.5178229],[13.3838542,52.5179505],[13.3838342,52.5180728]]]},"properties":{"type":"apartments","height_m":17.5}},{"type":"Feature","geometry":{"type":"Polygon","coordinates":[[[13.3880443,52.5205451],[13.3880658,52.5205466],[13.3880731,52.5205087],[13.3880516,52.5205072],[13.3880443,52.5205451]]]},"properties":{"type":"yes","height_m":25.0}},{"type":"Feature","geometry":{"type":"Polygon","coordinates":[[[13.383637,52.5214408],[13.3835779,52.5213832],[13.3836496,52.5213559],[13.3837087,52.5214135],[13.3836831,52.5214233],[13.3836739,52.5214268],[13.3836626,52.521431],[13.383637,52.5214408]]]},"properties":{"type":"pavilion","height_m":3.5}},{"type":"Feature","geometry":{"type":"Polygon","coordinates":[[[13.383207,52.5216006],[13.3832823,52.5216124],[13.3833641,52.5214203],[13.3832785,52.5214068],[13.38326,52.5214503],[13.3832501,52.5214488],[13.3832556,52.5214359],[13.3831667,52.5214218],[13.3830971,52.5215994],[13.3831695,52.5216114],[13.3831789,52.5215923],[13.3832086,52.5215965],[13.383207,52.5216006]]]},"properties":{"type":"apartments","height_m":21.0}},{"type":"Feature","geometry":{"type":"Polygon","coordinates":[[[13.3794317,52.5212377],[13.3796459,52.5212403],[13.3796475,52.5211897],[13.3794333,52.5211871],[13.3794317,52.5212377]]]},"properties":{"type":"container","height_m":25.0}}]}